left_source,left_source_id,left_name,left_address,right_source,right_source_id,right_name,right_address,score,note,distance_m,distance,name,address,operator,codes
osm,way/161126131,Equinix SV5,9 Great Oaks Boulevard,epa_nei,13834011,EQUINIX LLC,GREAT OAKS BOULEVARD,0.82,blocked_by_constraint,552.8,0.476,0.5,0.938,1.0,['sv5']|[]
osm,way/600806974,Equinix SV10,7 Great Oaks Boulevard,epa_nei,13834011,EQUINIX LLC,GREAT OAKS BOULEVARD,0.82,blocked_by_constraint,757.4,0.258,0.5,0.938,1.0,['sv10']|[]
osm,way/1227604493,Equinix SV11,5 Great Oaks Boulevard,epa_nei,13834011,EQUINIX LLC,GREAT OAKS BOULEVARD,0.82,blocked_by_constraint,750.4,0.266,0.5,0.938,1.0,['sv11']|[]
osm,way/54383196,CoreSite SV5,,epa_nei,15709911,CORESITE REAL ESTATE,CORONADO DR & STENDER WAY,0.8,blocked_by_constraint,193.0,0.859,0.25,0.0,1.0,['sv5']|[]
osm,way/553223628,Stack Infrastructure,,peeringdb,6095,Stack Infrastructure Silicon Valley SVY01,2001 Fortune Drive,0.8,blocked_by_constraint,62.8,0.997,0.4,0.0,1.0,[]|['svy01']
osm,way/553223628,Stack Infrastructure,,epa_nei,18612511,STACK INFRASTRUCTURE,2001 FORTUNE DRIVE,0.8,blocked_by_constraint,38.1,1.0,1.0,0.0,1.0,[]|[]
osm,way/553223629,Stack Infrastructure,,peeringdb,6095,Stack Infrastructure Silicon Valley SVY01,2001 Fortune Drive,0.8,blocked_by_constraint,38.7,1.0,0.4,0.0,1.0,[]|['svy01']
osm,way/553223629,Stack Infrastructure,,epa_nei,18612511,STACK INFRASTRUCTURE,2001 FORTUNE DRIVE,0.8,blocked_by_constraint,71.6,0.988,1.0,0.0,1.0,[]|[]
peeringdb,15079,CoreSite - Santa Clara (SV9),2915 Stender Way Santa Clara CA  95054-3214,epa_nei,15709911,CORESITE REAL ESTATE,CORONADO DR & STENDER WAY,0.8,blocked_by_constraint,233.3,0.816,0.167,0.369,1.0,['sv9']|[]
peeringdb,3131,Digital Realty SJC (1100 Space Park),1100 Space Park,epa_nei,9991911,"1100 SPACE PARK, LLC",1100 SPACE PARK DRIVE,0.715,,58.9,1.0,0.5,1.0,0.176,[]|[]
peeringdb,3421,LADC1 - 624 S Grand Ave,624 S Grand Ave,peeringdb,5775,Crown Castle Los Angeles (624 S Grand),"624 South Grand Ave, Suite 1207",0.708,,0.0,1.0,0.333,1.0,0.34,['ladc1']|[]
peeringdb,22,JMA NAC Los Angeles,530 West 6th Street,peeringdb,3012,UnitedLayer Los Angeles,530 W 6th Street,0.706,,0.0,1.0,0.4,1.0,0.25,[]|[]
osm,way/428021816,One Wilshire,624 South Grand Avenue,peeringdb,19,CoreSite - Los Angeles (LA1) One Wilshire,624 S. Grand Ave.,0.7,,5.8,1.0,0.333,1.0,0.3,[]|['la1']
peeringdb,642,Telecom Center LA,530 West 6th Street,peeringdb,2783,Multacom Telecom Center,530 W 6th Street,0.695,,0.0,1.0,0.333,1.0,0.276,[]|[]
peeringdb,19,CoreSite - Los Angeles (LA1) One Wilshire,624 S. Grand Ave.,peeringdb,2782,Multacom One Wilshire,624 S Grand Ave,0.689,,0.0,1.0,0.286,1.0,0.3,['la1']|[]
osm,node/8897151054,San Jose Colocation Center,55 South Market Street,peeringdb,16184,Hurricane Electric San Jose 1,55 S. Market Street,0.686,,7.7,1.0,0.333,1.0,0.231,[]|[]
peeringdb,1004,XO 600 West 7th,600 West 7th Street,peeringdb,3423,LADC3 - 600 W 7th St,600 W 7th St,0.683,,12.1,1.0,0.286,1.0,0.27,[]|['ladc3']
peeringdb,403,Digital Realty LAX (600 W 7th),600 West 7th Street,peeringdb,3423,LADC3 - 600 W 7th St,600 W 7th St,0.677,,10.9,1.0,0.375,1.0,0.136,[]|['ladc3']
peeringdb,20,CoreSite - San Jose (SV1),55 S. Market Street,peeringdb,16184,Hurricane Electric San Jose 1,55 S. Market Street,0.675,,5.4,1.0,0.286,1.0,0.231,['sv1']|[]
osm,way/289620443,Digital Realty San Francisco SFO10,200 Paul Avenue,peeringdb,5326,Wave Data Centers San Francisco,200 Paul Ave,0.673,,15.0,1.0,0.333,1.0,0.167,['sfo10']|[]
peeringdb,102,Equinix LA2 - Los Angeles,818 W 7th St,peeringdb,1096,Level(3) Los Angeles,818 W 7th St,0.672,,17.5,1.0,0.333,1.0,0.16,['la2']|[]
peeringdb,19,CoreSite - Los Angeles (LA1) One Wilshire,624 S. Grand Ave.,peeringdb,5775,Crown Castle Los Angeles (624 S Grand),"624 South Grand Ave, Suite 1207",0.668,,19.0,1.0,0.182,1.0,0.32,['la1']|[]
osm,node/8897151054,San Jose Colocation Center,55 South Market Street,peeringdb,6422,ColoCrossing SJ1,55 S. Market Street,0.66,,7.7,1.0,0.0,1.0,0.5,[]|['sj1']
peeringdb,6422,ColoCrossing SJ1,55 S. Market Street,epa_nei,15968711,CORESITE,55 SO MARKET STREET,0.66,,34.6,1.0,0.0,1.0,0.5,['sj1']|[]
peeringdb,2,Digital Realty SFO (200 Paul),200 Paul Ave,peeringdb,3426,SFDC1 - 200 Paul Ave,200 Paul Ave,0.656,,34.4,1.0,0.286,1.0,0.136,[]|['sfdc1']
peeringdb,981,QuadraNet DTLA,530 West 6th Street,peeringdb,3012,UnitedLayer Los Angeles,530 W 6th Street,0.65,,0.0,1.0,0.0,1.0,0.45,[]|[]
peeringdb,3012,UnitedLayer Los Angeles,530 W 6th Street,peeringdb,7263,TurnKey Internet - CA,530 W. 6th Street,0.649,,13.9,1.0,0.0,1.0,0.444,[]|[]
peeringdb,8,Equinix LA1 - Los Angeles,600 W 7th St,peeringdb,1004,XO 600 West 7th,600 West 7th Street,0.646,,24.2,1.0,0.0,1.0,0.429,['la1']|[]
peeringdb,102,Equinix LA2 - Los Angeles,818 W 7th St,peeringdb,1003,XO 818 West 7th,818 West 7th Street,0.646,,15.3,1.0,0.0,1.0,0.429,['la2']|[]
peeringdb,3864,Opus Interactive Silicon Valley (SJC01),2001 Fortune Dr,epa_nei,18612511,STACK INFRASTRUCTURE,2001 FORTUNE DRIVE,0.646,,51.4,1.0,0.0,1.0,0.429,['sjc01']|[]
peeringdb,4678,Digital Realty SJC (3011 Lafayette St),3011 Lafayette Street,epa_nei,13771711,3011 LAFAYETTE,3011 LAFAYETTE STREET,0.645,,126.3,0.929,0.333,1.0,0.143,[]|[]
peeringdb,23,Digital Realty SFO (365 Main),365 Main Street,peeringdb,15285,3HCloud - SFO-1,365 Main St,0.642,,15.1,1.0,0.143,1.0,0.24,[]|[]
peeringdb,403,Digital Realty LAX (600 W 7th),600 West 7th Street,peeringdb,1004,XO 600 West 7th,600 West 7th Street,0.639,,1.4,1.0,0.25,1.0,0.095,[]|[]
peeringdb,2542,Digital Realty SJC (2805 Lafayette),2805 Lafayette St,peeringdb,10830,Navisite Santa Clara,2805 Lafayette St,0.637,,33.1,1.0,0.0,1.0,0.385,[]|[]
peeringdb,22,JMA NAC Los Angeles,530 West 6th Street,peeringdb,2783,Multacom Telecom Center,530 W 6th Street,0.636,,0.0,1.0,0.0,1.0,0.381,[]|[]
osm,way/1460847458,EdgeCore Silicon Valley,,peeringdb,13478,EdgeCore Silicon Valley,2201 Laurelwood Rd,0.635,,115.9,0.941,1.0,0.0,0.378,[]|[]
peeringdb,3426,SFDC1 - 200 Paul Ave,200 Paul Ave,epa_nei,13976611,"200 PAUL AVENUE LLC, C/O DIGITAL REALTY TRUST","200 PAUL AVE, BLDG F, 5TH FLOOR",0.635,,44.8,1.0,0.2,1.0,0.136,['sfdc1']|[]
peeringdb,2783,Multacom Telecom Center,530 W 6th Street,peeringdb,7263,TurnKey Internet - CA,530 W. 6th Street,0.633,,13.9,1.0,0.0,1.0,0.364,[]|[]
osm,way/209087373,Silicon Valley SJC31,2805 Lafayette Street,peeringdb,10830,Navisite Santa Clara,2805 Lafayette St,0.631,,76.2,0.983,0.0,1.0,0.385,['sjc31']|[]
peeringdb,981,QuadraNet DTLA,530 West 6th Street,peeringdb,7263,TurnKey Internet - CA,530 W. 6th Street,0.63,,13.9,1.0,0.0,1.0,0.348,[]|[]
peeringdb,5775,Crown Castle Los Angeles (624 S Grand),"624 South Grand Ave, Suite 1207",peeringdb,10932,DataBank Los Angeles (LAX1),624 S Grand Ave,0.629,,0.0,1.0,0.222,1.0,0.08,[]|['lax1']
osm,way/428021816,One Wilshire,624 South Grand Avenue,peeringdb,5775,Crown Castle Los Angeles (624 S Grand),"624 South Grand Ave, Suite 1207",0.629,,18.4,1.0,0.0,1.0,0.345,[]|[]
peeringdb,642,Telecom Center LA,530 West 6th Street,peeringdb,6426,ColoCrossing LA1,530 W. 6th Street,0.629,,13.9,1.0,0.0,1.0,0.345,[]|['la1']
peeringdb,2782,Multacom One Wilshire,624 S Grand Ave,peeringdb,5775,Crown Castle Los Angeles (624 S Grand),"624 South Grand Ave, Suite 1207",0.629,,19.0,1.0,0.0,1.0,0.345,[]|[]
peeringdb,642,Telecom Center LA,530 West 6th Street,peeringdb,981,QuadraNet DTLA,530 West 6th Street,0.627,,0.0,1.0,0.0,1.0,0.333,[]|[]
peeringdb,2783,Multacom Telecom Center,530 W 6th Street,peeringdb,6426,ColoCrossing LA1,530 W. 6th Street,0.627,,13.9,1.0,0.0,1.0,0.333,[]|['la1']
peeringdb,6422,ColoCrossing SJ1,55 S. Market Street,peeringdb,16184,Hurricane Electric San Jose 1,55 S. Market Street,0.627,,0.0,1.0,0.0,1.0,0.333,['sj1']|[]
peeringdb,1619,CoreSite - Santa Clara (SV4),2972 Stender Way,epa_nei,15709911,CORESITE REAL ESTATE,CORONADO DR & STENDER WAY,0.625,,309.6,0.734,0.167,0.615,1.0,['sv4']|[]
peeringdb,593,274 Brannan Street,274 Brannan Street,peeringdb,8727,Fortress SF1,274 Brannan Street,0.625,,3.0,1.0,0.0,1.0,0.324,[]|['sf1']
peeringdb,767,TelePacific,630 3rd Street,epa_nei,15756211,HOSTING COM,630 3RD STREET,0.625,,38.6,1.0,0.0,1.0,0.324,[]|[]
peeringdb,4681,Digital Realty SJC (1500 Space Park Dr),1500 Space Park Drive,peeringdb,7836,Centersquare Silicon Valley (SFO4-A),1500 Space Park Dr,0.622,,9.4,1.0,0.0,1.0,0.308,[]|['sfo4']
peeringdb,2782,Multacom One Wilshire,624 S Grand Ave,peeringdb,10932,DataBank Los Angeles (LAX1),624 S Grand Ave,0.62,,19.0,1.0,0.0,1.0,0.3,[]|['lax1']
peeringdb,2783,Multacom Telecom Center,530 W 6th Street,peeringdb,3012,UnitedLayer Los Angeles,530 W 6th Street,0.619,,0.0,1.0,0.0,1.0,0.296,[]|[]
osm,way/209073658,Csquare SFO4,1500 Space Park Drive,peeringdb,4681,Digital Realty SJC (1500 Space Park Dr),1500 Space Park Drive,0.617,,2.8,1.0,0.0,1.0,0.286,['sfo4']|[]
peeringdb,2781,MultaCom Main,707 Wilshire Blvd,peeringdb,3422,LADC2 - 707 Wilshire Blvd,707 Wilshire blvd,0.617,,0.0,1.0,0.0,1.0,0.286,[]|['ladc2']
peeringdb,2782,Multacom One Wilshire,624 S Grand Ave,peeringdb,3421,LADC1 - 624 S Grand Ave,624 S Grand Ave,0.617,,19.0,1.0,0.0,1.0,0.286,[]|['ladc1']
peeringdb,2783,Multacom Telecom Center,530 W 6th Street,peeringdb,3424,LADC4 - 530 W 6th St,530 W 6th St,0.617,,0.0,1.0,0.0,1.0,0.286,[]|['ladc4']
peeringdb,5326,Wave Data Centers San Francisco,200 Paul Ave,epa_nei,13976611,"200 PAUL AVENUE LLC, C/O DIGITAL REALTY TRUST","200 PAUL AVE, BLDG F, 5TH FLOOR",0.616,,44.8,1.0,0.0,1.0,0.278,[]|[]
peeringdb,3424,LADC4 - 530 W 6th St,530 W 6th St,peeringdb,7263,TurnKey Internet - CA,530 W. 6th Street,0.615,,13.9,1.0,0.0,1.0,0.275,['ladc4']|[]
peeringdb,3426,SFDC1 - 200 Paul Ave,200 Paul Ave,peeringdb,5326,Wave Data Centers San Francisco,200 Paul Ave,0.614,,0.0,1.0,0.0,1.0,0.269,['sfdc1']|[]
peeringdb,22,JMA NAC Los Angeles,530 West 6th Street,peeringdb,7263,TurnKey Internet - CA,530 W. 6th Street,0.613,,13.9,1.0,0.0,1.0,0.267,[]|[]
peeringdb,3012,UnitedLayer Los Angeles,530 W 6th Street,peeringdb,3424,LADC4 - 530 W 6th St,530 W 6th St,0.613,,0.0,1.0,0.0,1.0,0.267,[]|['ladc4']
peeringdb,642,Telecom Center LA,530 West 6th Street,peeringdb,7263,TurnKey Internet - CA,530 W. 6th Street,0.613,,13.9,1.0,0.0,1.0,0.263,[]|[]
peeringdb,2873,H5 Data Centers Silicon Valley,1360 Kifer Road,epa_nei,18610111,ELEMENT CRITICAL,1360 KIFER ROAD,0.612,,31.1,1.0,0.0,1.0,0.258,[]|[]
osm,way/460085343,365 Main Street Data Center,365 Main Street,peeringdb,15285,3HCloud - SFO-1,365 Main St,0.608,,21.0,1.0,0.0,1.0,0.24,[]|[]
peeringdb,15285,3HCloud - SFO-1,365 Main St,epa_nei,16066311,"DIGITAL 365, LLC",365 MAIN STREET,0.608,,18.6,1.0,0.0,1.0,0.24,[]|[]
osm,way/428021816,One Wilshire,624 South Grand Avenue,peeringdb,3421,LADC1 - 624 S Grand Ave,624 S Grand Ave,0.608,,18.4,1.0,0.0,1.0,0.238,[]|['ladc1']
peeringdb,22,JMA NAC Los Angeles,530 West 6th Street,peeringdb,981,QuadraNet DTLA,530 West 6th Street,0.607,,0.0,1.0,0.0,1.0,0.235,[]|[]
peeringdb,22,JMA NAC Los Angeles,530 West 6th Street,peeringdb,642,Telecom Center LA,530 West 6th Street,0.606,,0.0,1.0,0.0,1.0,0.231,[]|[]
peeringdb,16184,Hurricane Electric San Jose 1,55 S. Market Street,epa_nei,15968711,CORESITE,55 SO MARKET STREET,0.606,,34.6,1.0,0.0,1.0,0.231,[]|[]
osm,node/10780794741,Ntirety,630 3rd Street,epa_nei,15756211,HOSTING COM,630 3RD STREET,0.604,,14.2,1.0,0.0,1.0,0.222,[]|[]
peeringdb,1698,Sungard AS Sacramento,11085 Sun Center Drive,peeringdb,16130,365 Data Centers Rancho Cordova (CA1),11085 Sun Center Drive,0.604,,2.1,1.0,0.0,1.0,0.222,[]|['ca1']
peeringdb,3344,CoreSite - Santa Clara (SV7),3020 Coronado Drive,epa_nei,15709911,CORESITE REAL ESTATE,CORONADO DR & STENDER WAY,0.604,,336.9,0.705,0.167,0.564,1.0,['sv7']|[]
peeringdb,981,QuadraNet DTLA,530 West 6th Street,peeringdb,2783,Multacom Telecom Center,530 W 6th Street,0.603,,0.0,1.0,0.0,1.0,0.216,[]|[]
osm,way/209073641,Digital Realty Silicon Valley SJC10,1100 Space Park Drive,epa_nei,16069311,TATA COMMUNICATIONS [AMERICA] INC,1100 SPACE PARK DRIVE,0.603,,54.8,1.0,0.0,1.0,0.213,['sjc10']|[]
peeringdb,642,Telecom Center LA,530 West 6th Street,peeringdb,3424,LADC4 - 530 W 6th St,530 W 6th St,0.603,,0.0,1.0,0.0,1.0,0.213,[]|['ladc4']
peeringdb,3131,Digital Realty SJC (1100 Space Park),1100 Space Park,epa_nei,16069311,TATA COMMUNICATIONS [AMERICA] INC,1100 SPACE PARK DRIVE,0.603,,55.6,1.0,0.0,1.0,0.213,[]|[]
peeringdb,22,JMA NAC Los Angeles,530 West 6th Street,peeringdb,3424,LADC4 - 530 W 6th St,530 W 6th St,0.601,,0.0,1.0,0.0,1.0,0.205,[]|['ladc4']
peeringdb,7836,Centersquare Silicon Valley (SFO4-A),1500 Space Park Dr,epa_nei,19650011,"CYXTERA COMMUNICATIONS, LLC",1500 SPACE PARK DRIVE,0.597,,99.2,0.958,0.0,1.0,0.256,['sfo4']|[]
osm,node/10780794741,Ntirety,630 3rd Street,peeringdb,767,TelePacific,630 3rd Street,0.596,,26.9,1.0,0.0,1.0,0.182,[]|[]
osm,way/37947315,Layer42 Santa Clara,3080 Raymond Street,peeringdb,293,Evocative SJC3,3080 Raymond Street,0.596,,1.4,1.0,0.0,1.0,0.182,[]|['sjc3']
peeringdb,6426,ColoCrossing LA1,530 W. 6th Street,peeringdb,7263,TurnKey Internet - CA,530 W. 6th Street,0.596,,0.0,1.0,0.0,1.0,0.182,['la1']|[]
osm,way/209073641,Digital Realty Silicon Valley SJC10,1100 Space Park Drive,epa_nei,9991911,"1100 SPACE PARK, LLC",1100 SPACE PARK DRIVE,0.595,,58.0,1.0,0.0,1.0,0.176,['sjc10']|[]
peeringdb,2,Digital Realty SFO (200 Paul),200 Paul Ave,peeringdb,5326,Wave Data Centers San Francisco,200 Paul Ave,0.593,,34.4,1.0,0.0,1.0,0.167,[]|[]
peeringdb,1003,XO 818 West 7th,818 West 7th Street,peeringdb,1096,Level(3) Los Angeles,818 W 7th St,0.592,,12.2,1.0,0.0,1.0,0.16,[]|[]
epa_nei,16069311,TATA COMMUNICATIONS [AMERICA] INC,1100 SPACE PARK DRIVE,epa_nei,9991911,"1100 SPACE PARK, LLC",1100 SPACE PARK DRIVE,0.59,,6.4,1.0,0.0,1.0,0.151,[]|[]
peeringdb,981,QuadraNet DTLA,530 West 6th Street,peeringdb,3424,LADC4 - 530 W 6th St,530 W 6th St,0.589,,0.0,1.0,0.0,1.0,0.145,[]|['ladc4']
osm,way/32560292,RagingWire CA1,1200 Striker Avenue,epa_nei,15701511,RAGING WIRE DATA CENTER,1200 STRIKER AVENUE,0.589,,14.4,1.0,0.0,1.0,0.143,['ca1']|[]
peeringdb,1110,RagingWire CA1 - NTT,1200 Striker Avenue,epa_nei,15701511,RAGING WIRE DATA CENTER,1200 STRIKER AVENUE,0.589,,17.7,1.0,0.0,1.0,0.143,['ca1']|[]
peeringdb,4681,Digital Realty SJC (1500 Space Park Dr),1500 Space Park Drive,epa_nei,19650011,"CYXTERA COMMUNICATIONS, LLC",1500 SPACE PARK DRIVE,0.586,,94.8,0.963,0.0,1.0,0.195,[]|[]
osm,way/40608200,Cologix Santa Clara SV1 Data Center,2050 Martin Avenue,peeringdb,1513,Bay Area Internet,2050 Martin Ave,0.585,,11.4,1.0,0.0,1.0,0.125,['sv1']|[]
peeringdb,642,Telecom Center LA,530 West 6th Street,peeringdb,3012,UnitedLayer Los Angeles,530 W 6th Street,0.585,,0.0,1.0,0.0,1.0,0.125,[]|[]
peeringdb,1513,Bay Area Internet,2050 Martin Ave,peeringdb,11633,Cologix SV1,2050 Martin Ave,0.585,,0.0,1.0,0.0,1.0,0.125,[]|['sv1']
peeringdb,981,QuadraNet DTLA,530 West 6th Street,peeringdb,6426,ColoCrossing LA1,530 W. 6th Street,0.582,,13.9,1.0,0.0,1.0,0.108,[]|['la1']
osm,way/428021816,One Wilshire,624 South Grand Avenue,peeringdb,10932,DataBank Los Angeles (LAX1),624 S Grand Ave,0.58,,18.4,1.0,0.0,1.0,0.1,[]|['lax1']
peeringdb,8867,CoreSite - Santa Clara (SV8),3045 Stender Way,epa_nei,15709911,CORESITE REAL ESTATE,CORONADO DR & STENDER WAY,0.579,,436.6,0.599,0.167,0.615,1.0,['sv8']|[]
peeringdb,8,Equinix LA1 - Los Angeles,600 W 7th St,peeringdb,403,Digital Realty LAX (600 W 7th),600 West 7th Street,0.579,,23.0,1.0,0.0,1.0,0.095,['la1']|[]
peeringdb,22,JMA NAC Los Angeles,530 West 6th Street,peeringdb,6426,ColoCrossing LA1,530 W. 6th Street,0.579,,13.9,1.0,0.0,1.0,0.095,[]|['la1']
peeringdb,799,LightEdge San Diego 1 (SAN1),9305 Lightwave Ave,epa_nei,15974411,AMERICAN INTERNET SERVICES INC,9305 LIGHTWAVE AV,0.579,,121.2,0.935,0.0,1.0,0.205,['san1']|[]
osm,way/1351049826,DataBank Santa Clara SFO1,5101 Lafayette Street,epa_nei,19662311,"ZAYO GROUP, LLC",5101 LAFAYETTE STREET,0.577,,11.2,1.0,0.0,1.0,0.087,['sfo1']|[]
peeringdb,10931,DataBank Santa Clara (SFO1),5101 Lafayette St,epa_nei,19662311,"ZAYO GROUP, LLC",5101 LAFAYETTE STREET,0.577,,0.0,1.0,0.0,1.0,0.087,['sfo1']|[]
peeringdb,5439,ServerFarm SC1,5101 Lafayette Street,epa_nei,19662311,"ZAYO GROUP, LLC",5101 LAFAYETTE STREET,0.576,,0.0,1.0,0.0,1.0,0.08,['sc1']|[]
peeringdb,2013,Evocative Emeryville (EM1),1400 65th Street,epa_nei,17252411,365 DATA CENTERS,1400 65TH STREET,0.575,,140.6,0.914,0.0,1.0,0.222,['em1']|[]
peeringdb,3012,UnitedLayer Los Angeles,530 W 6th Street,peeringdb,6426,ColoCrossing LA1,530 W. 6th Street,0.575,,13.9,1.0,0.0,1.0,0.074,[]|['la1']
osm,way/209073658,Csquare SFO4,1500 Space Park Drive,epa_nei,19650011,"CYXTERA COMMUNICATIONS, LLC",1500 SPACE PARK DRIVE,0.571,,94.4,0.963,0.0,1.0,0.118,['sfo4']|[]
osm,way/31800424,LightEdge SAN1,9305 Lightwave Avenue,epa_nei,15974411,AMERICAN INTERNET SERVICES INC,9305 LIGHTWAVE AV,0.571,,143.1,0.912,0.0,1.0,0.205,['san1']|[]
osm,way/224174031,SV Colo,Richard Avenue,peeringdb,2427,EdgeConneX Santa Clara (EDCSVC01/EDCSVC02),1700 Richard Avenue,0.566,,8.8,1.0,0.0,0.815,0.235,[]|[]
osm,way/209076412,Digital Realty Silicon Valley SJC11,3011 Lafayette Street,epa_nei,13771711,3011 LAFAYETTE,3011 LAFAYETTE STREET,0.564,,128.1,0.928,0.0,1.0,0.143,['sjc11']|[]
osm,way/428021816,One Wilshire,624 South Grand Avenue,osm,way/495115494,,624 South Grand Avenue,0.56,,3.3,1.0,0.0,1.0,0.0,[]|[]
osm,way/451413811,,150 South 1st Street,peeringdb,2973,DataPipe Silicon Valley One,150 S 1st St,0.56,,9.1,1.0,0.0,1.0,0.0,[]|[]
osm,way/451413811,,150 South 1st Street,epa_nei,15734311,DATAPIPE INC,150 SO 1ST STREET,0.56,,39.9,1.0,0.0,1.0,0.0,[]|[]
osm,way/495115494,,624 South Grand Avenue,peeringdb,19,CoreSite - Los Angeles (LA1) One Wilshire,624 S. Grand Ave.,0.56,,3.0,1.0,0.0,1.0,0.0,[]|['la1']
osm,way/495115494,,624 South Grand Avenue,peeringdb,2782,Multacom One Wilshire,624 S Grand Ave,0.56,,3.0,1.0,0.0,1.0,0.0,[]|[]
osm,way/495115494,,624 South Grand Avenue,peeringdb,10932,DataBank Los Angeles (LAX1),624 S Grand Ave,0.56,,19.8,1.0,0.0,1.0,0.0,[]|['lax1']
osm,way/495115494,,624 South Grand Avenue,peeringdb,3421,LADC1 - 624 S Grand Ave,624 S Grand Ave,0.56,,19.8,1.0,0.0,1.0,0.0,[]|['ladc1']
osm,way/495115494,,624 South Grand Avenue,peeringdb,5775,Crown Castle Los Angeles (624 S Grand),"624 South Grand Ave, Suite 1207",0.56,,19.8,1.0,0.0,1.0,0.0,[]|[]
osm,way/224174031,SV Colo,Richard Avenue,epa_nei,18602711,"EDGECONNEX SILICON VALLEY HOLDINGS, LLC",1700 RICHARD AVENUE,0.553,,96.9,0.961,0.0,0.815,0.235,[]|[]
epa_nei,19288411,FACEBOOK INC,FREMONT CAMPUS,epa_nei,19267511,FACEBOOK,6422 COMMERCE DRIVE,0.549,,819.0,0.193,1.0,0.2,1.0,[]|[]
epa_nei,14248811,GOOGLE LLC,"MOUNTAIN, VIEW CAMPUS",epa_nei,19508311,GOOGLE LLC,1625 PLYMOUTH ST,0.545,,913.0,0.093,1.0,0.333,1.0,[]|[]
epa_nei,19640111,FACEBOOK,1080 HAMILTON COURT,epa_nei,16010311,"FACEBOOK, INC",FACEBOOK CAMPUS,0.542,,834.7,0.176,1.0,0.194,1.0,[]|[]
epa_nei,18199311,FACEBOOK,JEFFERSON DRIVE,epa_nei,19640211,FACEBOOK MPK61,150 INDEPENDENCE DR,0.539,,631.3,0.392,0.5,0.387,1.0,[]|['mpk61']
osm,way/1075445245,,2220 De La Cruz Boulevard,peeringdb,1101,Digital Realty SJC (2220 De La Cruz Blvd),2220 De La Cruz Blvd,0.528,,147.3,0.907,0.0,1.0,0.0,[]|[]
osm,way/54383197,CoreSite SV9,,epa_nei,15709911,CORESITE REAL ESTATE,CORONADO DR & STENDER WAY,0.526,,265.3,0.782,0.25,0.0,1.0,['sv9']|[]
osm,way/38305611,Vantage,,epa_nei,16012811,"VANTAGE DATA CENTERS MANAGEMENT CO , LLC",2625 WALSH AVENUE,0.516,,348.3,0.693,0.333,0.0,1.0,[]|[]
osm,way/205846843,CoreSite SV4,,epa_nei,15709911,CORESITE REAL ESTATE,CORONADO DR & STENDER WAY,0.509,,310.2,0.734,0.25,0.0,1.0,['sv4']|[]
osm,way/54173753,CoreSite SV6,,epa_nei,15709911,CORESITE REAL ESTATE,CORONADO DR & STENDER WAY,0.505,,323.9,0.719,0.25,0.0,1.0,['sv6']|[]
epa_nei,15709911,CORESITE REAL ESTATE,CORONADO DR & STENDER WAY,epa_nei,18609111,"AMAZON DATA SERVICES, INC.",2950 STENDER WAY,0.503,,106.9,0.95,0.0,0.615,0.222,[]|[]
osm,way/1160688107,CoreSite SV7,,epa_nei,15709911,CORESITE REAL ESTATE,CORONADO DR & STENDER WAY,0.501,,335.0,0.707,0.25,0.0,1.0,['sv7']|[]
