source,source_id,source_url,name,operator_raw,lat,lon,address,city,state,postcode,status_raw,year_built,building_levels,footprint_sqm,geometry_wkt,clli,website,pdb_net_count,pdb_ix_count,pdb_carrier_count,campus_raw,raw_json,footprint_sqft,facility_class,exclusion_rule,operator,operator_confidence,facility_id,source_list,n_sources,n_generator_units
osm,node/2607827436,https://www.openstreetmap.org/node/2607827436,SDSU Computer Room,,32.7750252,-117.070888,,,,,,,,,,,,,,,,"{""name"": ""SDSU Computer Room"", ""telecom"": ""data_center""}",,unknown,education_facility,SDSU Computer Room,unresolved,,,,
osm,node/5146323411,https://www.openstreetmap.org/node/5146323411,Open Computing Facility,,37.8698521,-122.2598231,,,,,,,,,,,https://www.ocf.berkeley.edu/,,,,,"{""description"": ""Computer lab providing services to UC Berkeley community"", ""name"": ""Open Computing Facility"", ""source"": ""local_knowledge"", ""telecom"": ""data_center"", ""website"": ""https://www.ocf.berkeley.edu/"", ""wheelchair"": ""yes"", ""wikidata"": ""Q7095985"", ""wikipedia"": ""en:Open Computing Facility""}",,unknown,server_room_not_facility,Open Computing Facility,unresolved,,,,
osm,way/30666790,https://www.openstreetmap.org/way/30666790,USPO Terminal Annex,United States Postal Service,34.05810223750123,-118.2353929378644,900 Alameda St,Los Angeles,CA,90012,,1938.0,2.0,9222.569209235562,"POLYGON ((-118.2360477 34.0585614, -118.2360439 34.0585708, -118.2360264 34.0585659, -118.2360303 34.0585561, -118.2359609 34.0585367, -118.2359565 34.0585476, -118.2359376 34.0585423, -118.2359417 34.058532, -118.2358735 34.058513, -118.235869 34.0585242, -118.2358514 34.0585193, -118.2358564 34.0585069, -118.2357867 34.0584874, -118.2357826 34.0584975, -118.2357634 34.0584921, -118.2357677 34.0584814, -118.2357099 34.0584653, -118.2357119 34.0584605, -118.2348556 34.0582126, -118.2348428 34.0582433, -118.2344732 34.0581379, -118.2345015 34.0580692, -118.2344942 34.0580671, -118.2344909 34.0580621, -118.2345016 34.0580394, -118.2345065 34.0580361, -118.2345146 34.0580365, -118.2345298 34.0579994, -118.2345236 34.057995, -118.234521 34.057989, -118.2345316 34.0579667, -118.234538 34.0579637, -118.2345451 34.057963, -118.2346799 34.0576277, -118.234744 34.0576459, -118.2347487 34.0576345, -118.2347689 34.0576403, -118.2347642 34.0576517, -118.2348305 34.0576706, -118.2348345 34.057661, -118.2348547 34.0576667, -118.2348507 34.0576764, -118.2349185 34.0576957, -118.2349221 34.0576867, -118.2349416 34.0576922, -118.2349379 34.0577013, -118.235006 34.0577206, -118.2350105 34.0577096, -118.2350299 34.0577151, -118.2350253 34.0577262, -118.235093 34.0577454, -118.235097 34.0577358, -118.2351184 34.0577419, -118.2351144 34.0577516, -118.2351801 34.0577702, -118.235185 34.0577581, -118.2352051 34.0577639, -118.2352002 34.057776, -118.2352688 34.0577955, -118.2352732 34.0577846, -118.2352931 34.0577902, -118.2352886 34.0578013, -118.2353582 34.0578211, -118.2353632 34.057809, -118.2353825 34.0578145, -118.2353776 34.0578266, -118.2354431 34.0578452, -118.2354488 34.0578314, -118.2354702 34.0578374, -118.2354645 34.0578513, -118.2354891 34.0578583, -118.2354978 34.057837, -118.2354905 34.057835, -118.2354857 34.0578311, -118.2354825 34.0578262, -118.2354823 34.0578213, -118.2354868 34.0578153, -118.2355004 34.0578083, -118.2355035 34.0577999, -118.2355371 34.0578102, -118.2355327 34.0578199, -118.2355358 34.0578231, -118.2355374 34.0578284, -118.2355375 34.0578348, -118.2355334 34.0578396, -118.2355279 34.0578427, -118.2355205 34.0578439, -118.2355136 34.0578422, -118.2355054 34.0578606, -118.235616 34.0578943, -118.2356223 34.0578799, -118.2356443 34.0578867, -118.2356381 34.0579007, -118.2357052 34.0579199, -118.2357108 34.0579062, -118.2357315 34.0579121, -118.2357259 34.0579258, -118.2357931 34.0579449, -118.2357988 34.0579312, -118.2358184 34.0579368, -118.2358128 34.0579505, -118.2358802 34.0579697, -118.2358847 34.0579588, -118.2359053 34.0579647, -118.2359008 34.0579756, -118.2359682 34.0579948, -118.235973 34.0579834, -118.2359912 34.0579885, -118.2359864 34.058, -118.2360562 34.0580199, -118.2360611 34.058008, -118.2360792 34.0580132, -118.2360743 34.0580251, -118.2361425 34.0580445, -118.2361468 34.058034, -118.2361635 34.0580388, -118.2361592 34.0580492, -118.2362284 34.058069, -118.2362325 34.0580588, -118.2362471 34.058063, -118.2362429 34.0580731, -118.2363145 34.0580935, -118.2362927 34.0581465, -118.2363028 34.0581494, -118.2362957 34.0581664, -118.2362857 34.0581636, -118.2362627 34.0582194, -118.2362723 34.0582222, -118.2362658 34.058238, -118.2362561 34.0582353, -118.236233 34.0582915, -118.2362443 34.0582947, -118.2362373 34.0583116, -118.236226 34.0583084, -118.2362028 34.0583651, -118.2362137 34.0583682, -118.2362066 34.0583856, -118.2361956 34.0583825, -118.2361721 34.0584396, -118.236183 34.0584425, -118.236177 34.0584583, -118.2361649 34.058455, -118.2361428 34.0585127, -118.2361529 34.0585154, -118.2361476 34.0585293, -118.2361351 34.058526, -118.2361144 34.05858, -118.2360477 34.0585614))",LSANCAVJ,,,,,,"{""addr:city"": ""Los Angeles"", ""addr:housenumber"": ""900"", ""addr:postcode"": ""90012"", ""addr:state"": ""CA"", ""addr:street"": ""Alameda St"", ""addr:street_direction_prefix"": ""N"", ""amenity"": ""post_office"", ""building"": ""commercial"", ""building:levels"": ""2"", ""clli"": ""LSANCAVJ"", ""ele"": ""125.7"", ""gnis:feature_id"": ""247727"", ""height"": ""39.2"", ""heritage"": ""2"", ""heritage:operator"": ""nrhp"", ""heritage:website"": ""http://focus.nps.gov/AssetDetail/NRIS/85000131"", ""historic"": ""building"", ""image"": ""https://commons.wikimedia.org/wiki/File:U.S._Post_Office_-_Los_Angeles_Terminal_Annex.JPG"", ""lacounty:ain"": ""5409015016"", ""lacounty:bld_id"": ""490167843620"", ""name"": ""USPO Terminal Annex"", ""operator"": ""United States Postal Service"", ""operator:short"": ""USPS"", ""operator:type"": ""public"", ""operator:website"": ""https://www.usps.com"", ""operator:wikidata"": ""Q668687"", ""operator:wikipedia"": ""en:United States Postal Service"", ""ref:nrhp"": ""85000131"", ""short_name"": ""USPS"", ""source"": ""survey;image;usgs_imagery"", ""source_ref"": ""AM909_DSCR0634"", ""start_date"": ""1938"", ""telecom"": ""data_center"", ""wikidata"": ""Q2466390"", ""wikimedia_commons"": ""Category:United_States_Post_Office_\u2013_Los_Angeles_Terminal_Annex"", ""wikipedia"": ""en:U.S. Post Office-Los Angeles Terminal Annex""}",99270.90878011701,unknown,government_non_commercial,United States Postal Service,unresolved,,,,
osm,way/37877544,https://www.openstreetmap.org/way/37877544,Lumen Sunnyvale 1,Lumen Technologies,37.373439147179084,-121.98781298708595,1380 Kifer Road,Sunnyvale,CA,94086,,,1.0,7165.89201737614,"POLYGON ((-121.9884264 37.3736746, -121.9882927 37.3736748, -121.9882929 37.3737261, -121.9881683 37.3737272, -121.9881727 37.3737931, -121.9876621 37.3737949, -121.9876587 37.3736761, -121.9871781 37.3736735, -121.9871741 37.373144, -121.9884197 37.3731441, -121.9884264 37.3736746))",,,,,,,"{""addr:city"": ""Sunnyvale"", ""addr:housenumber"": ""1380"", ""addr:postcode"": ""94086"", ""addr:state"": ""CA"", ""addr:street"": ""Kifer Road"", ""building"": ""commercial"", ""building:levels"": ""1"", ""name"": ""Lumen Sunnyvale 1"", ""operator"": ""Lumen Technologies"", ""operator:wikidata"": ""Q5063092"", ""smoking"": ""no"", ""telecom"": ""data_center""}",77133.01973085207,telecom,telecom_central_office,Lumen Technologies,alias,,,,
osm,way/209073635,https://www.openstreetmap.org/way/209073635,Lumen Santa Clara,Lumen Technologies,37.377004814523836,-121.95208193309931,3045 Raymond Street,,,,,,,2362.0258456633346,"POLYGON ((-121.9523621 37.3772653, -121.9521423 37.3772635, -121.952141 37.3771978, -121.9519697 37.377195, -121.9519678 37.3771367, -121.9517819 37.3771338, -121.9517557 37.3771155, -121.9517571 37.376801, -121.9519638 37.3768021, -121.9523622 37.3768042, -121.9523621 37.3772653))",,,,,,,"{""addr:housenumber"": ""3045"", ""addr:street"": ""Raymond Street"", ""building"": ""yes"", ""name"": ""Lumen Santa Clara"", ""operator"": ""Lumen Technologies"", ""operator:wikidata"": ""Q5063092"", ""telecom"": ""data_center""}",25424.634604673156,telecom,telecom_central_office,Lumen Technologies,alias,,,,
osm,way/209077298,https://www.openstreetmap.org/way/209077298,Lumen,Lumen Technologies,37.37758479553174,-121.95068207527412,870 Duane Avenue,,,,,,,1471.6557431841038,"POLYGON ((-121.9509434 37.3777297, -121.9504153 37.3777233, -121.9504207 37.3774399, -121.9509489 37.3774463, -121.9509434 37.3777297))",,,,,,,"{""addr:housenumber"": ""870"", ""addr:street"": ""Duane Avenue"", ""building"": ""data_center"", ""name"": ""Lumen"", ""operator"": ""Lumen Technologies"", ""operator:wikidata"": ""Q5063092"", ""telecom"": ""data_center""}",15840.770583870062,telecom,telecom_central_office,Lumen Technologies,alias,,,,
osm,way/424945736,https://www.openstreetmap.org/way/424945736,Centurylink,Centurylink,33.91772905025636,-118.38631267018424,200 North Nash Street,El Segundo,CA,90245,,1976.0,,6642.656251165861,"POLYGON ((-118.3857638 33.9179842, -118.3857637 33.9178641, -118.3854979 33.9178642, -118.3854978 33.9177426, -118.3857623 33.9177425, -118.3857622 33.9175836, -118.385697 33.9175837, -118.385697 33.9174716, -118.3869488 33.917471, -118.3869491 33.9179836, -118.3857638 33.9179842))",,,,,,,"{""addr:city"": ""El Segundo"", ""addr:housenumber"": ""200"", ""addr:postcode"": ""90245"", ""addr:state"": ""CA"", ""addr:street"": ""North Nash Street"", ""building"": ""data_center"", ""ele"": ""40.9"", ""height"": ""8.5"", ""lacounty:ain"": ""4138003046"", ""lacounty:bld_id"": ""444460792673"", ""operator"": ""Centurylink"", ""owner"": ""Digital Realty"", ""start_date"": ""1976"", ""telecom"": ""data_center""}",71500.95681654617,telecom,telecom_central_office,Lumen Technologies,alias,,,,
osm,way/441502816,https://www.openstreetmap.org/way/441502816,Lumen Technologies,,33.71677790635047,-117.8058009511944,14452 Franklin Avenue,Tustin,,92780,,,,7957.917550513557,"POLYGON ((-117.8050406 33.7166818, -117.8054155 33.7162189, -117.8065112 33.7168328, -117.8063346 33.7170508, -117.8064507 33.7171158, -117.8062743 33.7173336, -117.8061566 33.7172676, -117.8061346 33.7172948, -117.8050406 33.7166818))",,,,,,,"{""addr:city"": ""Tustin"", ""addr:housenumber"": ""14452"", ""addr:postcode"": ""92780"", ""addr:street"": ""Franklin Avenue"", ""building"": ""data_center"", ""height"": ""3.6"", ""name"": ""Lumen Technologies""}",85658.31161728999,telecom,telecom_central_office,Lumen Technologies,alias,,,,
osm,way/460212563,https://www.openstreetmap.org/way/460212563,Centurylink,Centurylink,34.199869107817435,-118.34378887469721,,,,,,1990.0,,4007.9131563218953,"POLYGON ((-118.3434724 34.199561, -118.3441185 34.1995707, -118.3441054 34.2001772, -118.3434592 34.2001675, -118.3434724 34.199561))",,,,,,,"{""building"": ""data_center"", ""ele"": ""220.3"", ""height"": ""11.2"", ""lacounty:ain"": ""2466022046"", ""lacounty:bld_id"": ""457732895303"", ""operator"": ""Centurylink"", ""owner"": ""Digital Realty"", ""start_date"": ""1990"", ""telecom"": ""data_center""}",43140.81817260119,telecom,telecom_central_office,Lumen Technologies,alias,,,,
osm,way/464371693,https://www.openstreetmap.org/way/464371693,Kaiser Data Center,,38.254085135543434,-122.27309812012737,,,,,,,,15123.793594563485,"POLYGON ((-122.273639 38.2546475, -122.2736475 38.2545585, -122.2739005 38.2545735, -122.2739584 38.2539695, -122.2738121 38.2539608, -122.2738161 38.2539187, -122.2737149 38.2539126, -122.2737206 38.2538544, -122.2736603 38.2538508, -122.2736921 38.2535228, -122.2730191 38.2534825, -122.2730076 38.2536012, -122.2726372 38.253579, -122.2726275 38.2536797, -122.2723107 38.2536608, -122.2722252 38.2545445, -122.2724511 38.2545579, -122.2724592 38.2544739, -122.2730581 38.2545095, -122.2730482 38.2546125, -122.273639 38.2546475))",,,,,,,"{""building"": ""yes"", ""name"": ""Kaiser Data Center"", ""telecom"": ""data_center""}",162791.15941268965,unknown,healthcare_facility,Kaiser Data Center,unresolved,,,,
osm,way/472954201,https://www.openstreetmap.org/way/472954201,AT&T,,34.57998399265729,-118.11402444850253,901 East Palmdale Boulevard,Palmdale,CA,93550,,1974.0,,1615.460248309137,"POLYGON ((-118.1138733 34.5802358, -118.1138722 34.5799851, -118.1138311 34.5799852, -118.1138307 34.579902, -118.1138657 34.5799019, -118.1138656 34.5798714, -118.1138755 34.5798713, -118.1138751 34.5797695, -118.1139022 34.5797694, -118.113902 34.5797296, -118.1141116 34.579729, -118.1141115 34.5797211, -118.1141685 34.579721, -118.1141689 34.5797949, -118.1141819 34.5797949, -118.1141838 34.5802348, -118.1138733 34.5802358))",,,,,,,"{""addr:city"": ""Palmdale"", ""addr:housenumber"": ""901"", ""addr:postcode"": ""93550"", ""addr:state"": ""CA"", ""addr:street"": ""East Palmdale Boulevard"", ""building"": ""yes"", ""building:units"": ""1"", ""lacounty:ain"": ""3008036806"", ""lacounty:bld_id"": ""PLM26408"", ""name"": ""AT&T"", ""start_date"": ""1974"", ""telecom"": ""data_center""}",17388.669394555192,telecom,telecom_central_office,AT&T,alias,,,,
osm,way/531709017,https://www.openstreetmap.org/way/531709017,AT&T Center,American Telephone & Telegraph,32.74757512703155,-117.1589480422371,650 Robinson Avenue,San Diego,CA,92103,,,,8260.073074086511,"POLYGON ((-117.1593895 32.7479923, -117.1593869 32.7470882, -117.1590613 32.7470914, -117.1590612 32.7471501, -117.1589037 32.7471477, -117.1589037 32.7471586, -117.1586835 32.7471573, -117.1586826 32.7470561, -117.1585181 32.7470581, -117.158526 32.7479961, -117.1587915 32.7479955, -117.1587922 32.7482526, -117.1589391 32.7482495, -117.1589403 32.7479994, -117.1590067 32.7479974, -117.1590077 32.7480489, -117.1590623 32.7480495, -117.159062 32.7479533, -117.1593188 32.7479479, -117.1593185 32.7479945, -117.1593895 32.7479923))",,,,,,,"{""addr:city"": ""San Diego"", ""addr:housenumber"": ""650"", ""addr:postcode"": ""92103"", ""addr:state"": ""CA"", ""addr:street"": ""Robinson Avenue"", ""building"": ""industrial"", ""name"": ""AT&T Center"", ""opening_hours"": ""24/7"", ""operator"": ""American Telephone & Telegraph"", ""telecom"": ""data_center""}",88910.68660494329,telecom,telecom_central_office,AT&T,alias,,,,
osm,way/1296163129,https://www.openstreetmap.org/way/1296163129,Modesto Junior College West Data Center,Yosemite Community College District,37.665147373999105,-121.04003747173704,,,,,,,,559.0659974482425,"POLYGON ((-121.0401998 37.6652221, -121.0401994 37.6651751, -121.0402175 37.665175, -121.0402168 37.6651039, -121.0401973 37.6651041, -121.0401968 37.665061, -121.040083 37.6650617, -121.0400829 37.6650497, -121.0399971 37.6650503, -121.0399972 37.6650617, -121.0399135 37.6650623, -121.039914 37.6651028, -121.0398666 37.6651031, -121.0398674 37.665177, -121.0398493 37.6651772, -121.0398498 37.6652303, -121.0399913 37.6652293, -121.0399914 37.6652397, -121.0400133 37.6652396, -121.0400831 37.6652391, -121.0400829 37.6652229, -121.0401998 37.6652221))",,,,,,,"{""building"": ""yes"", ""name"": ""Modesto Junior College West Data Center"", ""operator"": ""Yosemite Community College District"", ""telecom"": ""data_center""}",6017.736313561348,unknown,education_facility,Yosemite Community College District,unresolved,,,,
peeringdb,16564,https://www.peeringdb.com/fac/16564,QTS Charlotte (CTL1),"QTS Realty Trust, Inc.",35.035376,-81.104511,2143 Hands Mill Hwy,York,South Carolina,29745,,,,,,,https://qtsdatacenters.com/data-centers/york/,0.0,0.0,0.0,,"{""aka"": """", ""available_voltage_services"": [], ""campus_id"": null, ""carrier_count"": 0, ""diverse_serving_substations"": null, ""id"": 16564, ""ix_count"": 0, ""name"": ""QTS Charlotte (CTL1)"", ""net_count"": 0, ""org_id"": 13077, ""org_name"": ""QTS Realty Trust, Inc."", ""property"": """"}",,wholesale,outside_california,QTS,alias,,,,
peeringdb,16608,https://www.peeringdb.com/fac/16608,AceHost Durham,AceHost,35.895741,-78.849173,4518 S. Miami Blvd.,Durham,North Carolina,27703,,,,,,,https://www.acehost.com/raleigh-durham-data-center.php,0.0,0.0,0.0,,"{""aka"": """", ""available_voltage_services"": [], ""campus_id"": null, ""carrier_count"": 0, ""diverse_serving_substations"": null, ""id"": 16608, ""ix_count"": 0, ""name"": ""AceHost Durham"", ""net_count"": 0, ""org_id"": 28534, ""org_name"": ""AceHost"", ""property"": """"}",,unknown,outside_california,AceHost,unresolved,,,,
peeringdb,16624,https://www.peeringdb.com/fac/16624,Cogent Fairfax,"Cogent Communications, Inc.",32.963731,-81.236142,831 North Hampton Avenue,Fairfax,South Carolina,29287,,,,,,,https://www.cogentco.com/en/cogent-fairfax-sc,1.0,0.0,0.0,,"{""aka"": """", ""available_voltage_services"": [], ""campus_id"": null, ""carrier_count"": 0, ""diverse_serving_substations"": null, ""id"": 16624, ""ix_count"": 0, ""name"": ""Cogent Fairfax"", ""net_count"": 1, ""org_id"": 365, ""org_name"": ""Cogent Communications, Inc."", ""property"": null}",,unknown,outside_california,"Cogent Communications, Inc.",unresolved,,,,
epa_nei,16058111,https://enviro.epa.gov/enviro/efsystemquery.frs_program?fac_search=facility_id&fac_value=16058111,MECHANICS BANK,MECHANICS BANK,38.020162,-122.27655,725 ALFRED NOBEL DR,HERCULES,CA,94547,,,,,,,,,,,,"{""eis_facility_id"": ""16058111"", ""n_units"": 1, ""primary_naics"": ""541513""}",,unknown,enterprise_self_operated,MECHANICS BANK,unresolved,,,,
epa_nei,13528811,https://enviro.epa.gov/enviro/efsystemquery.frs_program?fac_search=facility_id&fac_value=13528811,VERIZON WIRELESS - ROCKLIN MTSO,VERIZON WIRELESS - ROCKLIN MTSO,38.82335,-121.30501,135 CYBER CT,ROCKLIN,CA,95648,,,,,,,,,,,,"{""eis_facility_id"": ""13528811"", ""n_units"": 1, ""primary_naics"": ""541513""}",,telecom,telecom_central_office,Verizon,alias_token,,,,
epa_nei,14168811,https://enviro.epa.gov/enviro/efsystemquery.frs_program?fac_search=facility_id&fac_value=14168811,CISCO SYSTEMS INC,CISCO SYSTEMS INC,37.410948,-121.957519,325 E TASMAN DR  BLDG 5,SAN JOSE,CA,95134,,,,,,,,,,,,"{""eis_facility_id"": ""14168811"", ""n_units"": 2, ""primary_naics"": ""541513""}",,unknown,enterprise_self_operated,CISCO SYSTEMS INC,unresolved,,,,
epa_nei,13805011,https://enviro.epa.gov/enviro/efsystemquery.frs_program?fac_search=facility_id&fac_value=13805011,SUTTER HEALTH ENTERPRISE DATA CENTER DBA PALO ALTO MEDICAL F,PALO ALTO MEDICAL FOUNDATION,37.374262,-122.015425,139 KIFER COURT,SUNNYVALE,CA,94086,,,,,,,,,,,,"{""eis_facility_id"": ""13805011"", ""n_units"": 4, ""primary_naics"": ""541513""}",,unknown,healthcare_facility,PALO ALTO MEDICAL FOUNDATION,unresolved,,,,
epa_nei,15733211,https://enviro.epa.gov/enviro/efsystemquery.frs_program?fac_search=facility_id&fac_value=15733211,KAISER PERMANENTE WALNUT CREEK DATA CENTER,KAISER PERMANENTE WALNUT CREEK DATA CENTER,37.9264,-122.018707,25 N VIA MONTE,WALNUT CREEK,CA,94598,,,,,,,,,,,,"{""eis_facility_id"": ""15733211"", ""n_units"": 5, ""primary_naics"": ""518210""}",,unknown,healthcare_facility,KAISER PERMANENTE WALNUT CREEK DATA CENTER,unresolved,,,,
epa_nei,14129311,https://enviro.epa.gov/enviro/efsystemquery.frs_program?fac_search=facility_id&fac_value=14129311,LEVEL 3 COMMUNICATIONS LLC,LEVEL 3 COMMUNICATIONS LLC,38.019757,-121.935791,487 CANAL STREET,PITTSBURG,CA,94565,,,,,,,,,,,,"{""eis_facility_id"": ""14129311"", ""n_units"": 1, ""primary_naics"": ""518210""}",,telecom,telecom_central_office,Lumen Technologies,alias_token,,,,
epa_nei,18562311,https://enviro.epa.gov/enviro/efsystemquery.frs_program?fac_search=facility_id&fac_value=18562311,"JAMESTOWN CONCORD TECH BLDG C/O SRP MGMT, INC","JAMESTOWN CONCORD TECH BLDG C/O SRP MGMT, INC",37.971254,-122.030326,2000 CLAYTON ROAD,CONCORD,CA,94520,,,,,,,,,,,,"{""eis_facility_id"": ""18562311"", ""n_units"": 9, ""primary_naics"": ""518210""}",,unknown,enterprise_self_operated,Unattributed (property SPV),unattributed,,,,
epa_nei,81411,https://enviro.epa.gov/enviro/efsystemquery.frs_program?fac_search=facility_id&fac_value=81411,PACIFIC BELL,PACIFIC BELL,37.769,-121.96141,2600 CAMINO RAMON,SAN RAMON,CA,94583,,,,,,,,,,,,"{""eis_facility_id"": ""81411"", ""n_units"": 1, ""primary_naics"": ""518210""}",,telecom,telecom_central_office,AT&T,alias,,,,
epa_nei,13782511,https://enviro.epa.gov/enviro/efsystemquery.frs_program?fac_search=facility_id&fac_value=13782511,VERIZON BUSINESS - HAWDCA,VERIZON BUSINESS - HAWDCA,37.648305,-122.135903,21350 CABOT BLVD,HAYWARD,CA,94545,,,,,,,,,,,,"{""eis_facility_id"": ""13782511"", ""n_units"": 4, ""primary_naics"": ""518210""}",,telecom,telecom_central_office,Verizon,alias_token,,,,
epa_nei,14287111,https://enviro.epa.gov/enviro/efsystemquery.frs_program?fac_search=facility_id&fac_value=14287111,LEVEL 3 COMMUNICATIONS LLC,LEVEL 3 COMMUNICATIONS LLC,37.804339,-122.271947,1330 BROADWAY,OAKLAND,CA,94612,,,,,,,,,,,,"{""eis_facility_id"": ""14287111"", ""n_units"": 1, ""primary_naics"": ""518210""}",,telecom,telecom_central_office,Lumen Technologies,alias_token,,,,
epa_nei,10512911,https://enviro.epa.gov/enviro/efsystemquery.frs_program?fac_search=facility_id&fac_value=10512911,LEVEL 3 COMMUNICATIONS INC,LEVEL 3 COMMUNICATIONS INC,37.836178,-122.287556,5000 HOLLIS STREET,EMERYVILLE,CA,94608,,,,,,,,,,,,"{""eis_facility_id"": ""10512911"", ""n_units"": 3, ""primary_naics"": ""518210""}",,telecom,telecom_central_office,Lumen Technologies,alias_token,,,,
epa_nei,16014011,https://enviro.epa.gov/enviro/efsystemquery.frs_program?fac_search=facility_id&fac_value=16014011,KAISER PERMANENTE,KAISER PERMANENTE,37.699073,-121.899738,5840 OWENS DRIVE,PLEASANTON,CA,94588,,,,,,,,,,,,"{""eis_facility_id"": ""16014011"", ""n_units"": 3, ""primary_naics"": ""518210""}",,unknown,healthcare_facility,KAISER PERMANENTE,unresolved,,,,
epa_nei,1560911,https://enviro.epa.gov/enviro/efsystemquery.frs_program?fac_search=facility_id&fac_value=1560911,DAVID GRANT MEDICAL CENTER,DAVID GRANT MEDICAL CENTER,38.270014,-121.963802,101 BODIN CIRCLE,TRAVIS AFB,CA,94535,,,,,,,,,,,,"{""eis_facility_id"": ""1560911"", ""n_units"": 9, ""primary_naics"": ""518210""}",,unknown,healthcare_facility,DAVID GRANT MEDICAL CENTER,unresolved,,,,
epa_nei,2094311,https://enviro.epa.gov/enviro/efsystemquery.frs_program?fac_search=facility_id&fac_value=2094311,PACIFIC BELL,PACIFIC BELL,38.233857,-122.070347,2525 N WATNEY WAY,FAIRFIELD,CA,94533,,,,,,,,,,,,"{""eis_facility_id"": ""2094311"", ""n_units"": 9, ""primary_naics"": ""518210""}",,telecom,telecom_central_office,AT&T,alias,,,,
epa_nei,14316511,https://enviro.epa.gov/enviro/efsystemquery.frs_program?fac_search=facility_id&fac_value=14316511,"SOMO VILLAGE COMMERCIAL, LLC","SOMO VILLAGE COMMERCIAL, LLC",38.321379,-122.677073,1400 VALLEY HOUSE DRIVE,ROHNERT PARK,CA,94928,,,,,,,,,,,,"{""eis_facility_id"": ""14316511"", ""n_units"": 5, ""primary_naics"": ""518210""}",,unknown,enterprise_self_operated,Unattributed (property SPV),unattributed,,,,
epa_nei,15752911,https://enviro.epa.gov/enviro/efsystemquery.frs_program?fac_search=facility_id&fac_value=15752911,USPS SAN MATEO INFORMATION TECHNOLOGY AND ACCT SVC,USPS SAN MATEO INFORMATION TECHNOLOGY AND ACCT SVC,37.536346,-122.32296,2700 CAMPUS DRIVE,SAN MATEO,CA,94497,,,,,,,,,,,,"{""eis_facility_id"": ""15752911"", ""n_units"": 4, ""primary_naics"": ""518210""}",,unknown,government_non_commercial,USPS SAN MATEO INFORMATION TECHNOLOGY AND ACCT SVC,unresolved,,,,
epa_nei,18595311,https://enviro.epa.gov/enviro/efsystemquery.frs_program?fac_search=facility_id&fac_value=18595311,"ALEXANDRIA REAL ESTATE EQUITIES, INC","ALEXANDRIA REAL ESTATE EQUITIES, INC",37.654014,-122.395762,249 E GRAND AVENUE,SOUTH SAN FRANCISCO,CA,94080,,,,,,,,,,,,"{""eis_facility_id"": ""18595311"", ""n_units"": 1, ""primary_naics"": ""518210""}",,unknown,enterprise_self_operated,"ALEXANDRIA REAL ESTATE EQUITIES, INC",unresolved,,,,
epa_nei,14175311,https://enviro.epa.gov/enviro/efsystemquery.frs_program?fac_search=facility_id&fac_value=14175311,AT&T CORPORATION,AT&T CORPORATION,37.479474,-122.199469,3175 SPRING STREET,REDWOOD CITY,CA,94063,,,,,,,,,,,,"{""eis_facility_id"": ""14175311"", ""n_units"": 5, ""primary_naics"": ""518210""}",,telecom,telecom_central_office,AT&T,alias,,,,
epa_nei,10490011,https://enviro.epa.gov/enviro/efsystemquery.frs_program?fac_search=facility_id&fac_value=10490011,DIGITAL PATH/2X WIRELESS,DIGITAL PATH/2X WIRELESS,39.802,-121.851,4065 MARAUDER STREET,CHICO,CA,95973,,,,,,,,,,,,"{""eis_facility_id"": ""10490011"", ""n_units"": 1, ""primary_naics"": ""518210""}",,unknown,enterprise_self_operated,Digital Realty,alias_token,,,,
epa_nei,14342911,https://enviro.epa.gov/enviro/efsystemquery.frs_program?fac_search=facility_id&fac_value=14342911,TRI COUNTIES BANK OPERATIONS CENTER,TRI COUNTIES BANK,39.798215,-121.850817,890 FORTRESS ST,CHICO,CA,95973,,,,,,,,,,,,"{""eis_facility_id"": ""14342911"", ""n_units"": 1, ""primary_naics"": ""518210""}",,unknown,enterprise_self_operated,TRI COUNTIES BANK,unresolved,,,,
epa_nei,18549411,https://enviro.epa.gov/enviro/efsystemquery.frs_program?fac_search=facility_id&fac_value=18549411,SLATER LAND DIGITAL PATH,SLATER LAND,39.799221,-121.851396,275 AIRPARK BLVD CELL TOWER,CHICO,CA,95973,,,,,,,,,,,,"{""eis_facility_id"": ""18549411"", ""n_units"": 1, ""primary_naics"": ""518210""}",,unknown,enterprise_self_operated,SLATER LAND,unresolved,,,,
epa_nei,19302211,https://enviro.epa.gov/enviro/efsystemquery.frs_program?fac_search=facility_id&fac_value=19302211,TRI COUNTIES BANK,TRI COUNTIES BANK,39.77222,-121.87608,63 CONSTITUTION DR,CHICO,CA,95973,,,,,,,,,,,,"{""eis_facility_id"": ""19302211"", ""n_units"": 1, ""primary_naics"": ""518210""}",,unknown,enterprise_self_operated,TRI COUNTIES BANK,unresolved,,,,
epa_nei,15741311,https://enviro.epa.gov/enviro/efsystemquery.frs_program?fac_search=facility_id&fac_value=15741311,REGULUS,REGULUS,38.257072,-122.27406,860 LATOUR COURT,NAPA,CA,94558,,,,,,,,,,,,"{""eis_facility_id"": ""15741311"", ""n_units"": 1, ""primary_naics"": ""518210""}",,unknown,enterprise_self_operated,REGULUS,unresolved,,,,
epa_nei,13803911,https://enviro.epa.gov/enviro/efsystemquery.frs_program?fac_search=facility_id&fac_value=13803911,KAISER PERMANENTE,KAISER PERMANENTE,38.25386,-122.275668,2600 NAPA VALLY CRPRT DR,NAPA,CA,94558,,,,,,,,,,,,"{""eis_facility_id"": ""13803911"", ""n_units"": 11, ""primary_naics"": ""518210""}",,unknown,healthcare_facility,KAISER PERMANENTE,unresolved,,,,
epa_nei,9854911,https://enviro.epa.gov/enviro/efsystemquery.frs_program?fac_search=facility_id&fac_value=9854911,CHARTER COMMUNICATIONS,"ARCADIS US, INC",37.498787,-120.876008,733 N WALNUT AVE,TURLOCK,CA,95380,,,,,,,,,,,,"{""eis_facility_id"": ""9854911"", ""n_units"": 1, ""primary_naics"": ""518210""}",,unknown,enterprise_self_operated,"ARCADIS US, INC",unresolved,,,,
epa_nei,9868111,https://enviro.epa.gov/enviro/efsystemquery.frs_program?fac_search=facility_id&fac_value=9868111,"ECONTACTLIVE, INC.","ECONTACTLIVE, INC.",37.733662,-120.958526,6436 OAKDALE RD,RIVERBANK,CA,95367,,,,,,,,,,,,"{""eis_facility_id"": ""9868111"", ""n_units"": 1, ""primary_naics"": ""518210""}",,unknown,enterprise_self_operated,"ECONTACTLIVE, INC.",unresolved,,,,
epa_nei,9999311,https://enviro.epa.gov/enviro/efsystemquery.frs_program?fac_search=facility_id&fac_value=9999311,"FUJITSU TECHNOLOGY AND BUSINESS OF AMERICA, INC","FUJITSU TECHNOLOGY AND BUSINESS OF AMERICA, INC",37.378501,-121.998015,SUNNYVALE CAMPUS,SUNNYVALE,CA,94088,,,,,,,,,,,,"{""eis_facility_id"": ""9999311"", ""n_units"": 7, ""primary_naics"": ""518210""}",,unknown,enterprise_self_operated,"FUJITSU TECHNOLOGY AND BUSINESS OF AMERICA, INC",unresolved,,,,
epa_nei,14179811,https://enviro.epa.gov/enviro/efsystemquery.frs_program?fac_search=facility_id&fac_value=14179811,CISCO SYSTEMS,CISCO SYSTEMS,37.3879,-122.05819,364 FERGUSON DRIVE,MOUNTAIN VIEW,CA,94043,,,,,,,,,,,,"{""eis_facility_id"": ""14179811"", ""n_units"": 6, ""primary_naics"": ""518210""}",,unknown,enterprise_self_operated,CISCO SYSTEMS,unresolved,,,,
epa_nei,15975011,https://enviro.epa.gov/enviro/efsystemquery.frs_program?fac_search=facility_id&fac_value=15975011,WAVE BROADBAND,WAVE BROADBAND,37.37605,-121.953311,3080 RAYMOND STREET,SANTA CLARA,CA,95054,,,,,,,,,,,,"{""eis_facility_id"": ""15975011"", ""n_units"": 1, ""primary_naics"": ""518210""}",,unknown,enterprise_self_operated,WAVE BROADBAND,unresolved,,,,
epa_nei,764611,https://enviro.epa.gov/enviro/efsystemquery.frs_program?fac_search=facility_id&fac_value=764611,"CISCO SYSTEMS, SITE 4 CAMPUS, BLDGS 1-19","CISCO SYSTEMS, SITE 4 CAMPUS, BLDGS 1-19",37.411722,-121.93182,300 E TASMAN DRIVE,SAN JOSE,CA,95134,,,,,,,,,,,,"{""eis_facility_id"": ""764611"", ""n_units"": 35, ""primary_naics"": ""518210""}",,unknown,enterprise_self_operated,"CISCO SYSTEMS, SITE 4 CAMPUS, BLDGS 1-19",unresolved,,,,
epa_nei,18617511,https://enviro.epa.gov/enviro/efsystemquery.frs_program?fac_search=facility_id&fac_value=18617511,FUJITSU AMERICA INC SUNNYVALE,FUJITSU AMERICA INC SUNNYVALE,37.378672,-121.991598,1230 E ARQUES AVENUE,SUNNYVALE,CA,94085,,,,,,,,,,,,"{""eis_facility_id"": ""18617511"", ""n_units"": 3, ""primary_naics"": ""518210""}",,unknown,enterprise_self_operated,FUJITSU AMERICA INC SUNNYVALE,unresolved,,,,
epa_nei,9995711,https://enviro.epa.gov/enviro/efsystemquery.frs_program?fac_search=facility_id&fac_value=9995711,VERIZON BUSINESS,VERIZON BUSINESS,37.337836,-121.909737,500 STOCKTON AVENUE,SAN JOSE,CA,95126,,,,,,,,,,,,"{""eis_facility_id"": ""9995711"", ""n_units"": 2, ""primary_naics"": ""518210""}",,telecom,telecom_central_office,Verizon,alias,,,,
epa_nei,19660811,https://enviro.epa.gov/enviro/efsystemquery.frs_program?fac_search=facility_id&fac_value=19660811,VERIZON MEDIA,VERIZON MEDIA,37.419403,-122.033656,700 1ST AVENUE,SUNNYVALE,CA,94089,,,,,,,,,,,,"{""eis_facility_id"": ""19660811"", ""n_units"": 3, ""primary_naics"": ""518210""}",,telecom,telecom_central_office,Verizon,alias_token,,,,
epa_nei,17284111,https://enviro.epa.gov/enviro/efsystemquery.frs_program?fac_search=facility_id&fac_value=17284111,AVNET  INC,AVNET  INC,37.393764,-121.923107,2580 JUNCTION AVENUE,SAN JOSE,CA,95134,,,,,,,,,,,,"{""eis_facility_id"": ""17284111"", ""n_units"": 1, ""primary_naics"": ""518210""}",,unknown,enterprise_self_operated,AVNET  INC,unresolved,,,,
epa_nei,9978511,https://enviro.epa.gov/enviro/efsystemquery.frs_program?fac_search=facility_id&fac_value=9978511,DELIVEREX,DELIVEREX,37.378577,-121.913677,2030 ZANKER ROAD,SAN JOSE,CA,95131,,,,,,,,,,,,"{""eis_facility_id"": ""9978511"", ""n_units"": 1, ""primary_naics"": ""518210""}",,unknown,enterprise_self_operated,DELIVEREX,unresolved,,,,
epa_nei,1547311,https://enviro.epa.gov/enviro/efsystemquery.frs_program?fac_search=facility_id&fac_value=1547311,LEVEL 3 COMMUNICATIONS LLC,LEVEL 3 COMMUNICATIONS LLC,37.37379,-121.99693,1380 KIFER ROAD,SUNNYVALE,CA,94086,,,,,,,,,,,,"{""eis_facility_id"": ""1547311"", ""n_units"": 4, ""primary_naics"": ""518210""}",,telecom,telecom_central_office,Lumen Technologies,alias_token,,,,
epa_nei,14253911,https://enviro.epa.gov/enviro/efsystemquery.frs_program?fac_search=facility_id&fac_value=14253911,LEVEL 3 COMMUNICATIONS,LEVEL 3 COMMUNICATIONS,37.376825,-121.953266,3045 RAYMOND STREET,SANTA CLARA,CA,95054,,,,,,,,,,,,"{""eis_facility_id"": ""14253911"", ""n_units"": 2, ""primary_naics"": ""518210""}",,telecom,telecom_central_office,Lumen Technologies,alias_token,,,,
epa_nei,15974911,https://enviro.epa.gov/enviro/efsystemquery.frs_program?fac_search=facility_id&fac_value=15974911,"ISCS, INC",ISCS  INC,37.233021,-121.778973,"100 GREAT OAKS BLVD, SUITE 100",SAN JOSE,CA,95119,,,,,,,,,,,,"{""eis_facility_id"": ""15974911"", ""n_units"": 1, ""primary_naics"": ""518210""}",,unknown,enterprise_self_operated,ISCS  INC,unresolved,,,,
epa_nei,14291311,https://enviro.epa.gov/enviro/efsystemquery.frs_program?fac_search=facility_id&fac_value=14291311,AT&T,AT&T,37.418466,-121.943093,400 HOLGER WAY,SAN JOSE,CA,95134,,,,,,,,,,,,"{""eis_facility_id"": ""14291311"", ""n_units"": 3, ""primary_naics"": ""518210""}",,telecom,telecom_central_office,AT&T,alias,,,,
epa_nei,10057211,https://enviro.epa.gov/enviro/efsystemquery.frs_program?fac_search=facility_id&fac_value=10057211,CBS INC,CBS INC,37.786283,-122.397458,235 2ND STREET,SAN FRANCISCO,CA,94105,,,,,,,,,,,,"{""eis_facility_id"": ""10057211"", ""n_units"": 1, ""primary_naics"": ""518210""}",,unknown,enterprise_self_operated,CBS INC,unresolved,,,,
epa_nei,14233811,https://enviro.epa.gov/enviro/efsystemquery.frs_program?fac_search=facility_id&fac_value=14233811,LEVEL 3 COMMUNICATIONS LLC,LEVEL 3 COMMUNICATIONS LLC,37.724992,-122.397232,200 PAUL AVENUE,SAN FRANCISCO,CA,94124,,,,,,,,,,,,"{""eis_facility_id"": ""14233811"", ""n_units"": 2, ""primary_naics"": ""518210""}",,telecom,telecom_central_office,Lumen Technologies,alias_token,,,,
epa_nei,18195511,https://enviro.epa.gov/enviro/efsystemquery.frs_program?fac_search=facility_id&fac_value=18195511,KAISER PERMANENTE,KAISER PERMANENTE,37.767913,-122.39545,1600 OWENS STREET,SAN FRANCISCO,CA,94158,,,,,,,,,,,,"{""eis_facility_id"": ""18195511"", ""n_units"": 3, ""primary_naics"": ""518210""}",,unknown,healthcare_facility,KAISER PERMANENTE,unresolved,,,,
epa_nei,3125811,https://enviro.epa.gov/enviro/efsystemquery.frs_program?fac_search=facility_id&fac_value=3125811,AT&T,AT&T,37.785279,-122.396932,611 FOLSOM STREET,SAN FRANCISCO,CA,94107,,,,,,,,,,,,"{""eis_facility_id"": ""3125811"", ""n_units"": 3, ""primary_naics"": ""518210""}",,telecom,telecom_central_office,AT&T,alias,,,,
epa_nei,18142411,https://enviro.epa.gov/enviro/efsystemquery.frs_program?fac_search=facility_id&fac_value=18142411,LEVEL 3 COMMUNICATIONS - WILDWOOD,"LEVEL 3 COMMUNICATIONS, LLC",40.3853,-123.03626,700 WILDWOOD ROAD,WILDWOOD,CA,96076,,,,,,,,,,,,"{""eis_facility_id"": ""18142411"", ""n_units"": 1, ""primary_naics"": ""518210""}",,telecom,telecom_central_office,Lumen Technologies,alias_token,,,,
epa_nei,18142511,https://enviro.epa.gov/enviro/efsystemquery.frs_program?fac_search=facility_id&fac_value=18142511,LEVEL 3 COMMUNICATIONS - MAD RIVER,"LEVEL 3 COMMUNICATIONS, LLC",40.43316,-123.47269,5391 STATE HWY 36,MAD RIVER,CA,95526,,,,,,,,,,,,"{""eis_facility_id"": ""18142511"", ""n_units"": 1, ""primary_naics"": ""518210""}",,telecom,telecom_central_office,Lumen Technologies,alias_token,,,,
,,,"COMPUTER SERVICES, INC.",,38.587,-121.569,"970 RIVERSIDE PARKWAY, SUITE 50",WEST SACRAMENTO,,95605,,,,,,,,,,,,,,unknown,nei_only_insufficient_generator_fleet,"COMPUTER SERVICES, INC.",unresolved,computer-services-inc-1e4ae5,epa_nei,1.0,1.0
,,,FACEBOOK INC,,37.547174,-122.068109,FREMONT CAMPUS,FREMONT,,94555,,,,,,,,,,,,,,hyperscale,nei_only_insufficient_generator_fleet,Meta,alias,facebook-inc-183fca,epa_nei,1.0,1.0
,,,XO COMMUNICATIONS INC,,37.475372,-121.922065,47923 WARM SPRINGS BLVD,FREMONT,,94539,,,,,,,,,,,,,,unknown,nei_only_insufficient_generator_fleet,XO COMMUNICATIONS INC,unresolved,xo-communications-inc-eb150c,epa_nei,1.0,2.0
,,,FACEBOOK,,37.554417,-122.066411,6422 COMMERCE DRIVE,FREMONT,,94555,,,,,,,,,,,,,,hyperscale,nei_only_insufficient_generator_fleet,Meta,alias,facebook-7c315d,epa_nei,1.0,1.0
,,,GOOGLE - MENTOR DRIVE,,34.43226,-119.812942,301 MENTOR DRIVE,SANTA BARBARA,,93111,,,,,,,,,,,,,,hyperscale,nei_only_insufficient_generator_fleet,Google,alias,google-mentor-drive-13e16d,epa_nei,1.0,2.0
,,,GOOGLE  LLC,,37.646011,-122.400264,180 UTAH AVE,S SAN FRAN,,94080,,,,,,,,,,,,,,hyperscale,nei_only_insufficient_generator_fleet,Google,alias,google-llc-3fb56f,epa_nei,1.0,1.0
,,,RV VI 777 MARINERS  LLC,,37.561855,-122.287344,777 MARINERS ISLAND BLVD,SAN MATEO,,94404,,,,,,,,,,,,,,unknown,nei_only_insufficient_generator_fleet,RV VI 777 MARINERS  LLC,unresolved,rv-vi-777-mariners-llc-2bf05b,epa_nei,1.0,1.0
,,,GOOGLE INC,,37.51123,-122.200601,1700 SEAPORT BOULEVARD,REDWOOD CITY,,94063,,,,,,,,,,,,,,hyperscale,nei_only_insufficient_generator_fleet,Google,alias,google-inc-38c7f2,epa_nei,1.0,1.0
,,,GOOGLE INC,,37.514259,-122.202344,1300 SEAPORT BOULEVARD,REDWOOD CITY,,94063,,,,,,,,,,,,,,hyperscale,nei_only_insufficient_generator_fleet,Google,alias,google-inc-39c4d0,epa_nei,1.0,1.0
,,,FACEBOOK,,37.477034,-122.14825,1080 HAMILTON COURT,MENLO PARK,,94025,,,,,,,,,,,,,,hyperscale,nei_only_insufficient_generator_fleet,Meta,alias,facebook-56b44d,epa_nei,1.0,1.0
,,,GOOGLE LLC,,37.513293,-122.208906,1200 SEAPORT BOULEVARD,REDWOOD CITY,,94063,,,,,,,,,,,,,,hyperscale,nei_only_insufficient_generator_fleet,Google,alias,google-llc-7dc87f,epa_nei,1.0,1.0
,,,GOOGLE LLC,,37.629056,-122.424478,900 CHERRY AVENUE,SAN BRUNO,,94066,,,,,,,,,,,,,,hyperscale,nei_only_insufficient_generator_fleet,Google,alias,google-llc-46c4bd,epa_nei,1.0,1.0
,,,FACEBOOK,,37.479211,-122.171728,JEFFERSON DRIVE,MENLO PARK,,94025,,,,,,,,,,,,,,hyperscale,nei_only_insufficient_generator_fleet,Meta,alias,facebook-9cdda6,epa_nei,1.0,2.0
,,,GOOGLE INC,,37.510004,-122.19972,1600 SEAPORT BOULEVARD,REDWOOD CITY,,94063,,,,,,,,,,,,,,hyperscale,nei_only_insufficient_generator_fleet,Google,alias,google-inc-59644a,epa_nei,1.0,1.0
,,,GOOGLE LLC,,37.509557,-122.20287,1900 SEAPORT BOULEVARD,REDWOOD CITY,,94063,,,,,,,,,,,,,,hyperscale,nei_only_insufficient_generator_fleet,Google,alias,google-llc-09b389,epa_nei,1.0,1.0
,,,GOOGLE INC,,37.629897,-122.419519,999 BAYHILL DRIVE,SAN BRUNO,,94066,,,,,,,,,,,,,,hyperscale,nei_only_insufficient_generator_fleet,Google,alias,google-inc-d717d3,epa_nei,1.0,1.0
,,,STANFORD UNIVERSITY DATA CENTER,,37.413248,-122.198886,2575 SAND HILL ROAD,MENLO PARK,,94025,,,,,,,,,,,,,,unknown,nei_only_insufficient_generator_fleet,STANFORD UNIVERSITY DATA CENTER,unresolved,stanford-university-data-center-d177f3,epa_nei,1.0,2.0
,,,FACEBOOK MPK61,,37.482662,-122.177405,150 INDEPENDENCE DR,MENLO PARK,,94025,,,,,,,,,,,,,,hyperscale,nei_only_insufficient_generator_fleet,Meta,alias,facebook-mpk61-d3605a,epa_nei,1.0,1.0
,,,GOOGLE LLC,,37.427986,-121.965758,5093 DISK DR,SAN JOSE,,95134,,,,,,,,,,,,,,hyperscale,nei_only_insufficient_generator_fleet,Google,alias,google-llc-2a4d07,epa_nei,1.0,1.0
,,,GOOGLE LLC,,37.406134,-122.065602,750 MOFFETT BLVD,MOUNTAIN VIEW,,94043,,,,,,,,,,,,,,hyperscale,nei_only_insufficient_generator_fleet,Google,alias,google-llc-ba7d14,epa_nei,1.0,1.0
,,,VERINT,,37.370249,-121.973052,2550 WALSH AVENUE,SANTA CLARA,,95051,,,,,,,,,,,,,,unknown,nei_only_insufficient_generator_fleet,VERINT,unresolved,verint-06d812,epa_nei,1.0,1.0
,,,"ZAYO GROUP, LLC",,37.407382,-121.965885,5101 LAFAYETTE STREET,SANTA CLARA,,95054,,,,,,,,,,,,,,unknown,nei_only_insufficient_generator_fleet,"ZAYO GROUP, LLC",unresolved,zayo-group-llc-e5f5db,epa_nei,1.0,3.0
,,,COMSTOCK DATA CENTER,,37.373461,-121.95311,1201 COMSTOCK DRIVE,SANTA CLARA,,95054,,,,,,,,,,,,,,unknown,nei_only_insufficient_generator_fleet,COMSTOCK DATA CENTER,unresolved,comstock-data-center-6e2bac,epa_nei,1.0,3.0
,,,GOOGLE LLC,,37.406811,-122.012847,CROSSMAN CAMPUS,SUNNYVALE,,94089,,,,,,,,,,,,,,hyperscale,nei_only_insufficient_generator_fleet,Google,alias,google-llc-193687,epa_nei,1.0,3.0
,,,EBAY / WPR,,37.295786,-121.930291,2145 HAMILTON AVENUE,SAN JOSE,,95125,,,,,,,,,,,,,,unknown,nei_only_insufficient_generator_fleet,EBAY / WPR,unresolved,ebay-wpr-61ef61,epa_nei,1.0,3.0
,,,GOOGLE LLC,,37.403027,-122.031186,803 ELEVENTH AVE,SUNNYVALE,,94089,,,,,,,,,,,,,,hyperscale,nei_only_insufficient_generator_fleet,Google,alias,google-llc-d4bb8b,epa_nei,1.0,2.0
,,,GOOGLE LLC,,37.411988,-121.955568,"285 W TASMAN DR, BLDG I",SAN JOSE,,95134,,,,,,,,,,,,,,hyperscale,nei_only_insufficient_generator_fleet,Google,alias,google-llc-e79947,epa_nei,1.0,1.0
,,,"MICRON TECHNOLOGY, INC",,37.417716,-121.95402,110 HOLGER WAY,SAN JOSE,,95134,,,,,,,,,,,,,,unknown,nei_only_insufficient_generator_fleet,"MICRON TECHNOLOGY, INC",unresolved,micron-technology-inc-c028b1,epa_nei,1.0,3.0
,,,MICROSOFT,,37.394169,-122.033725,755 N MATHILDA AVENUE,SUNNYVALE,,94085,,,,,,,,,,,,,,hyperscale,nei_only_insufficient_generator_fleet,Microsoft,alias,microsoft-3778b1,epa_nei,1.0,1.0
,,,GOOGLE LLC,,37.400579,-122.047018,600 CLYDE AVE,MOUNTAIN VIEW,,94043,,,,,,,,,,,,,,hyperscale,nei_only_insufficient_generator_fleet,Google,alias,google-llc-b4ebff,epa_nei,1.0,1.0
,,,LINKEDIN CORPORATION,,37.39241,-122.046943,700 E MIDDLEFIELD RD,MOUNTAIN VIEW,,94043,,,,,,,,,,,,,,unknown,nei_only_insufficient_generator_fleet,LINKEDIN CORPORATION,unresolved,linkedin-corporation-31ba71,epa_nei,1.0,2.0
,,,VDC I,,37.400074,-121.895188,2030 FORTUNE DRIVE,SAN JOSE,,95131,,,,,,,,,,,,,,unknown,nei_only_insufficient_generator_fleet,VDC I,unresolved,vdc-i-5e988d,epa_nei,1.0,3.0
,,,GOOGLE LLC,,37.398851,-122.059182,369 N WHISMAN ROAD,MOUNTAIN VIEW,,94043,,,,,,,,,,,,,,hyperscale,nei_only_insufficient_generator_fleet,Google,alias,google-llc-2a5b1c,epa_nei,1.0,2.0
,,,"CYXTERA COMMUNICATIONS, LLC SN2",,37.373841,-121.996982,1320 KIFER ROAD,SUNNYVALE,,94086,,,,,,,,,,,,,,unknown,nei_only_insufficient_generator_fleet,Cyxtera,alias_token,cyxtera-communications-llc-sn2-94ac03,epa_nei,1.0,2.0
,,,1101 SPACE PARK PARTNERS  LLC,,37.376764,-121.953066,1101 SPACE PARK DR,SANTA CLARA,,95054,,,,,,,,,,,,,,unknown,nei_only_insufficient_generator_fleet,Unattributed (property SPV),unattributed,1101-space-park-partners-llc-246eeb,epa_nei,1.0,1.0
,,,TATA COMMUNICATIONS [AMERICA] INC,,37.376028,-121.953899,1100 SPACE PARK DRIVE,SANTA CLARA,,95054,,,,,,,,,,,,,,unknown,nei_only_insufficient_generator_fleet,TATA COMMUNICATIONS [AMERICA] INC,unresolved,tata-communications-america-inc-22918c,epa_nei,1.0,3.0
,,,GOOGLE LLC,,37.415782,-122.082004,1625 PLYMOUTH ST,MOUNTAIN VIEW,,94043,,,,,,,,,,,,,,hyperscale,nei_only_insufficient_generator_fleet,Google,alias,google-llc-c56b2a,epa_nei,1.0,1.0
,,,FACEBOOK INC,,37.790375,-122.39412,250 HOWARD STREET,SAN FRANCISCO,,94105,,,,,,,,,,,,,,hyperscale,nei_only_insufficient_generator_fleet,Meta,alias,facebook-inc-025ebd,epa_nei,1.0,1.0
,,,"GOOGLE, INC",,37.792418,-122.391763,188 EMBARCADERO,SAN FRANCISCO,,94105,,,,,,,,,,,,,,hyperscale,nei_only_insufficient_generator_fleet,Google,alias,google-inc-59d4ce,epa_nei,1.0,1.0
