facility_id,name,operator,facility_class,lat,lon,address,city,postcode,utility,utility_candidates,year_built,building_levels_reported,building_levels_used,partial_occupancy,footprint_sqft,est_gross_sqft,est_white_space_sqft,best_power_mw,power_ci_low_mw,power_ci_high_mw,power_tier,n_power_methods,est_annual_gwh,pdb_net_count,pdb_ix_count,pdb_carrier_count,clli,website,source_list,n_sources
stack-infrastructure-95e336,STACK Infrastructure,STACK Infrastructure,wholesale,37.4022125299217,-121.89238428231019,2150 Trade Zone Boulevard,San Jose,95131,PG&E,"PG&E,PWRPA",,1.0,1.0,False,107993.73420221552,107993.73420221552,64796.24052132931,13.607210509479156,6.803605254739578,23.326646587678553,C_area,1.0,120.98715152398294,,,,,,osm,1
digital-west-data-center-a9b15a,Digital West Data Center,Digital Realty,colocation,35.2553162,-120.6415128,,,,PG&E,PG&E,,1.0,1.0,False,,,,,,,,,,,,,,,osm,1
coresite-san-jose-sv1-16db38,CoreSite - San Jose (SV1),CoreSite,colocation,37.3342167,-121.891572,55 S. Market Street,San Jose,95113,PG&E,"PG&E,PWRPA",,1.0,1.0,False,,,,6.879769230769231,2.4063499999999998,8.40881818181818,B_generator,1.0,63.28011738461538,55.0,3.0,4.0,SNJSCAJN,http://www.coresite.com,"epa_nei,osm,peeringdb",3
ntirety-44a0d9,Ntirety,Ntirety,colocation,37.7796531,-122.3940005,630 3rd Street,,,PG&E,"CCSF,PG&E",,1.0,1.0,False,,,,,,,,,,,,,,,osm,1
e360-06b845,e360,e360,unknown,37.9710809,-122.0437382,1855 Gateway Boulevard,Concord,94520,PG&E,PG&E,,1.0,1.0,False,,,,,,,,,,,,,,https://www.e360.com/,osm,1
it-eaba34,IT,QTS,wholesale,33.9102899,-117.5030207,,,,City of Riverside,"City of Riverside,Metropolitan Water District of So. Cal",,1.0,1.0,False,,,,,,,,,,,,,,,osm,1
prime-santa-clara-7f7c61,Prime Santa Clara,Prime Data Centers,wholesale,37.3666621,-121.9628653,2215 Martin Avenue,,,SVP,"PWRPA,SVP",,1.0,1.0,False,,,,,,,,,,,,,,https://primedatacenters.com/santa-clara-data-centers/,osm,1
forescout-technologies-inc-9088d3,"Forescout Technologies, Inc.","Forescout Technologies, Inc.",unknown,37.3228675,-121.9474176,300 Santana Row,San Jose,95128,PG&E,"PG&E,PWRPA",,1.0,1.0,False,,,,,,,,,,,,,,https://www.forescout.com/,osm,1
coresite-los-angeles-la2-cbc8f1,CoreSite - Los Angeles (LA2),CoreSite,colocation,34.058287449999995,-118.23563569999999,900 N. Alameda,Los Angeles,90012,LADWP,"LADWP,Metropolitan Water District of So. Cal",,1.0,1.0,False,,,,,,,,,,196.0,3.0,7.0,LSANCAVJ,http://www.coresite.com,"osm,peeringdb",2
petadata-2ae21a,Petadata,Petadata,unknown,37.5529209,-121.9808321,,,,PG&E,PG&E,,1.0,1.0,False,,,,,,,,,,,,,,,osm,1
lightedge-san-diego-1-san1-443e9e,LightEdge San Diego 1 (SAN1),LightEdge,colocation,32.82786552245116,-117.12993394626548,9305 Lightwave Ave,San Diego,92123,SDG&E,"Metropolitan Water District of So. Cal,SDG&E",,1.0,1.0,False,83576.49755656623,83576.49755656623,50145.89853393974,9.52772072144855,4.513130868054577,16.247271124996477,C_area,1.0,87.63597519588374,7.0,0.0,1.0,SNDGCALW,http://www.lightedge.com/,"osm,peeringdb",2
edgeconnex-san-diego-edcsdg01-a2b1c3,EdgeConneX San Diego (EDCSDG01),EdgeConneX,colocation,32.8423086617555,-117.16934498916471,5761 Copley Dr,San Diego,92111,SDG&E,"Metropolitan Water District of So. Cal,SDG&E",,1.0,1.0,False,39204.96667778056,39204.96667778056,23522.980006668335,4.4693662012669835,2.1170682006001504,7.621445522160541,C_area,1.0,41.109230319253705,8.0,0.0,1.0,,http://www.edgeconnex.com,"osm,peeringdb",2
ragingwire-ca2-ntt-cfea56,RagingWire CA2 - NTT,NTT,colocation,38.650399526645494,-121.4919460999218,1312 Striker Avenue,Sacramento,95834,SMUD,SMUD,,1.0,1.0,False,204702.3394675283,204702.3394675283,122821.40368051697,23.336066699298225,11.05392633124653,39.794134792487505,C_area,1.0,214.64514150014506,6.0,0.0,0.0,NSCRCA11,http://www.ragingwire.com,"osm,peeringdb",2
ragingwire-ca1-ntt-d9aa42,RagingWire CA1 - NTT,NTT,colocation,38.6504318296716,-121.48918647194276,1200 Striker Avenue,Sacramento,95834,SMUD,SMUD,,1.0,1.0,False,192302.93017377116,192302.93017377116,115381.7581042627,21.922534039809914,10.384358229383643,37.38368962578111,C_area,1.0,201.64346809817155,14.0,0.0,2.0,NSCRCA11,http://www.ragingwire.com,"osm,peeringdb",2
equinix-sv1-sv5-sv10-silicon-valley-san-jose-645d8a,"Equinix SV1/SV5/SV10 - Silicon Valley, San Jose",Equinix,colocation,37.241586803622475,-121.78332012554083,11 Great Oaks Blvd,San Jose,95119-1242,PG&E,"PG&E,PWRPA",,1.0,1.0,False,135023.05754598702,135023.05754598702,81013.8345275922,28.834615384615383,7.898625,35.53772727272727,B_generator,2.0,265.2207923076923,283.0,8.0,7.0,SNJSCA,https://www.equinix.com/locations/americas-colocation/united-states-colocation/silicon-valley-data-centers/,"epa_nei,osm,peeringdb",3
opencolo-462b97,OpenColo,Energy Group Networks LLC,unknown,37.37881629219563,-121.95593725173481,3223 Kenneth St,Santa Clara,95054,SVP,"PWRPA,SVP",,1.0,1.0,False,65471.488464864255,65471.488464864255,39282.893078918554,7.463749684994525,3.5354603771026696,13.199052074516633,C_area,1.0,66.36318394916032,25.0,3.0,0.0,,https://opencolo.com/our-facility/,"osm,peeringdb",2
equinix-sv2-silicon-valley-santa-clara-46cae5,"Equinix SV2 - Silicon Valley, Santa Clara",Equinix,colocation,37.37843369087968,-121.95499188032424,1350 Duane Ave,Santa Clara,95054,SVP,"PWRPA,SVP",,1.0,1.0,False,81106.20130565377,81106.20130565377,48663.72078339226,12.357692307692306,3.385125,15.230454545454545,B_generator,2.0,113.66605384615383,24.0,2.0,2.0,,https://www.equinix.com/locations/americas-colocation/united-states-colocation/silicon-valley-data-centers/sv2/,"epa_nei,osm,peeringdb",3
layer42-santa-clara-accd81,Layer42 Santa Clara,Layer42,colocation,37.37803994846726,-121.95415110295477,3080 Raymond Street,,,SVP,"PWRPA,SVP",,1.0,1.0,False,25031.598286774995,25031.598286774995,15018.958972064996,2.8536022046923493,1.3517063074858495,4.866142706949059,C_area,1.0,26.247433078760228,,,,,,osm,1
digital-realty-sjc-2820-nw-pkwy-d8d87b,Digital Realty SJC (2820 NW Pkwy),Digital Realty,colocation,37.37238819600703,-121.97361948707294,2820 Northwestern Pkwy Vantage Building V1,Santa Clara,95051,SVP,"PWRPA,SVP",,1.0,1.0,False,129242.47277955833,129242.47277955833,77545.483667735,14.733641896869651,6.97909353009615,25.12473670834614,C_area,1.0,135.52003816740705,13.0,1.0,2.0,,https://www.digitalrealty.com,"osm,peeringdb",2
centersquare-silicon-valley-sfo1-15b92e,Centersquare Silicon Valley (SFO1),CenterSquare,colocation,37.371519049502254,-121.96969744699751,2401 Walsh Avenue,Santa Clara,95051,SVP,"PWRPA,SVP",,1.0,1.0,False,92193.4732785298,92193.4732785298,55316.08396711788,10.510055953752397,4.978447557040609,17.92241120534619,C_area,1.0,96.67149466261453,4.0,1.0,1.0,,https://centersquaredc.com/data-centers/silicon-valley,"osm,peeringdb",2
vantage-data-centers-santa-clara-38fc1d,Vantage Data Centers (Santa Clara),Vantage Data Centers,wholesale,37.37338590969102,-121.97269294062248,2625 Walsh Ave,Santa Clara,95051,SVP,"PWRPA,SVP",,1.0,1.0,False,89293.61232333274,89293.61232333274,53576.16739399964,56.29615384615384,15.421124999999998,69.38318181818181,B_generator,2.0,500.55162230769224,4.0,0.0,1.0,,http://www.vantage-dc.com/,"epa_nei,osm,peeringdb",3
cologix-sv1-e30f9a,Cologix SV1,Cologix,colocation,37.36533280967664,-121.96170041834212,2050 Martin Ave,Santa Clara,95050-2702,SVP,"PWRPA,SVP",,1.0,1.0,False,80686.21693922562,80686.21693922562,48411.73016353537,9.19822873107172,4.357055714718183,15.68540057298546,C_area,1.0,84.60530786839767,8.0,1.0,1.0,,http://www.cologix.com,"osm,peeringdb",2
csquare-sfo2-520ea6,Csquare SFO2,Csquare,colocation,37.39757919519812,-121.98086935124522,4650 Old Ironsides Drive,Santa Clara,95054,SVP,"PWRPA,SVP",,1.0,1.0,False,146098.1455858693,146098.1455858693,87658.88735152157,16.6551885967891,7.8892998616369425,28.401479501892993,C_area,1.0,153.1944247132661,,,,,,osm,1
centersquare-silicon-valley-sfo2-6e3231,Centersquare Silicon Valley (SFO2),CenterSquare,colocation,37.39861833065409,-121.98111165297756,4700 Old Ironsides Drive,Santa Clara,95054,SVP,"PWRPA,SVP",,1.0,1.0,False,115693.10939175505,115693.10939175505,69415.86563505302,13.189014470660073,6.247427907154773,22.49074046575718,C_area,1.0,121.31255510113135,7.0,1.0,0.0,,https://centersquaredc.com/data-centers/silicon-valley,"osm,peeringdb",2
qts-santa-clara-1-2b7f00,QTS Santa Clara 1,QTS,wholesale,37.39272168036999,-121.97839685413797,2805 Mission College Boulevard,Santa Clara,95054,SVP,"PWRPA,SVP",,1.0,1.0,False,36808.12839120312,36808.12839120312,22084.87703472187,4.637824177291592,2.3189120886457966,7.950555732499875,C_area,1.0,41.23674988997047,,,,,https://qtsdatacenters.com/data-centers/santa-clara/,osm,1
coresite-santa-clara-sv3-ca6c12,CoreSite - Santa Clara (SV3),CoreSite,colocation,37.37514209313053,-121.97170937319939,2901 Stender Way,Santa Clara,95054,SVP,"PWRPA,SVP",,1.0,1.0,False,57809.92596138214,57809.92596138214,34685.955576829285,28.834615384615383,7.898625,35.53772727272727,B_generator,2.0,265.2207923076923,4.0,2.0,1.0,SNTCCAQM,http://www.coresite.com,"epa_nei,osm,peeringdb",3
coresite-sv6-583ee0,CoreSite SV6,CoreSite,colocation,37.37630188107877,-121.97208379969574,,,,SVP,"PWRPA,SVP",,1.0,1.0,False,61065.983312684075,61065.983312684075,36639.589987610445,6.961522097645985,3.29756309888494,11.871227155985784,C_area,1.0,64.03208025414776,,,,,,osm,1
coresite-santa-clara-sv8-a64bb0,CoreSite - Santa Clara (SV8),CoreSite,colocation,37.37738265663316,-121.97184005129328,3045 Stender Way,Santa Clara,95054,SVP,"PWRPA,SVP",,1.0,1.0,False,41609.936131054565,41609.936131054565,24965.96167863274,4.743532718940221,2.246936551076946,8.088971583877008,C_area,1.0,43.63101394881215,4.0,2.0,0.0,SNTCCA,http://www.coresite.com,"osm,peeringdb",2
coresite-sv5-8f88a5,CoreSite SV5,CoreSite,colocation,37.37519609893818,-121.97068979279841,,,,SVP,"PWRPA,SVP",,1.0,1.0,False,50856.86282638494,50856.86282638494,30514.117695830962,5.797682362207883,2.7462705926247866,9.886574133449232,C_area,1.0,53.32708236758811,,,,,,osm,1
coresite-santa-clara-sv9-48fc54,CoreSite - Santa Clara (SV9),CoreSite,colocation,37.37555851562925,-121.96960997000006,2915 Stender Way Santa Clara CA  95054-3214,Santa Clara,95054-3214,SVP,"PWRPA,SVP",,1.0,1.0,False,60403.48894567257,60403.48894567257,36242.09336740354,6.8859977398066725,3.261788403066319,11.742438251038747,C_area,1.0,63.337407210741766,4.0,2.0,0.0,SNTCCA,https://www.coresite.com,"osm,peeringdb",2
equinix-sv4-silicon-valley-sunnyvale-2f8bbf,"Equinix SV4 - Silicon Valley, Sunnyvale",Equinix,colocation,37.4145643150017,-122.01457953685338,255 Caspian Dr,Sunnyvale,94089,PG&E,"PG&E,PWRPA",,1.0,1.0,False,122369.3955409717,122369.3955409717,73421.63732458302,6.865384615384615,1.8806249999999998,8.461363636363634,B_generator,2.0,63.14780769230769,16.0,2.0,1.0,SNVBCA,https://www.equinix.com/locations/americas-colocation/united-states-colocation/silicon-valley-data-centers/sv4/,"epa_nei,osm,peeringdb",3
equinix-sv8-silicon-valley-palo-alto-895455,"Equinix SV8 - Silicon Valley, Palo Alto",Equinix,colocation,37.44589521918732,-122.16078171269815,529 Bryant St,Palo Alto,94301-1704,City of Palo Alto,"City of Palo Alto,PWRPA",,1.0,1.0,False,12034.886119565102,12034.886119565102,7220.931671739061,1.3719770176304216,0.6498838504565155,2.339581861643456,C_area,1.0,12.619444608164617,66.0,4.0,2.0,PLALCA,https://www.equinix.com/locations/americas-colocation/united-states-colocation/silicon-valley-data-centers/sv8/,"osm,peeringdb",2
equinix-sv5-c172a1,Equinix SV5,Equinix,colocation,37.242040468049744,-121.78183928506765,9 Great Oaks Boulevard,San Jose,95119,PG&E,"PG&E,PWRPA",,1.0,1.0,False,166314.1747226426,166314.1747226426,99788.50483358557,18.95981591838126,8.9809654350227,32.33147556608172,C_area,1.0,174.3923868172708,,,,,https://www.equinix.com/data-centers/americas-colocation/united-states-colocation/silicon-valley-data-centers/sv5,osm,1
ragingwire-ca3-ntt-027a48,RagingWire CA3 - NTT,NTT,colocation,38.644239349798376,-121.49876273284119,1625 W National Dr,Sacramento,95834,SMUD,SMUD,,1.0,1.0,False,151366.72671773288,151366.72671773288,90820.03603063972,17.25580684582155,8.173803242757575,29.42569167392727,C_area,1.0,158.71891136786658,5.0,0.0,0.0,NSCRCA11,https://www.ragingwire.com/,"osm,peeringdb",2
360-spear-961d6b,360 Spear,"Prudential Financial, Inc.",colocation,37.78899165567791,-122.39013668594596,360 Spear St.,San Francisco,94105,PG&E,"CCSF,PG&E",,1.0,1.0,False,34599.98296809217,34599.98296809217,20759.9897808553,3.944398058362507,1.8683990802769772,6.726236688997117,C_area,1.0,36.280573340818336,3.0,0.0,0.0,,http://www.pgimrealestate.com,"osm,peeringdb",2
qts-sacramento-sac1-fcf61f,QTS Sacramento (SAC1),QTS,wholesale,38.64634932434983,-121.48622274438775,1100 North Market Blvd,Sacramento,95834,SMUD,SMUD,,1.0,1.0,False,90196.44707544122,90196.44707544122,54117.868245264726,11.364752331505592,5.682376165752796,19.4824325682953,C_area,1.0,101.0485588803488,13.0,1.0,1.0,,http://www.qtsdatacenters.com/data-centers/sacramento,"osm,peeringdb",2
equinix-sv15-34f355,Equinix SV15,Equinix,colocation,37.375495150000006,-121.98840630000001,2960 Corvin Drive,Santa Clara,95051,SVP,"PWRPA,SVP",,1.0,1.0,False,38211.964007752635,38211.964007752635,22927.17840465158,4.3561638968838,2.0634460564186425,7.428405803107112,C_area,1.0,40.067995523537185,,,,,https://www.equinix.com/data-centers/americas-colocation/united-states-colocation/silicon-valley-data-centers/sv15,osm,1
equinix-sv16-4fee5c,Equinix SV16,Equinix,colocation,37.37611802283371,-121.98868795323642,2960 Corvin Drive,Santa Clara,95051,SVP,"PWRPA,SVP",,1.0,1.0,False,26347.91388176833,26347.91388176833,15808.748329060998,3.0036621825215897,1.42278734961549,5.122034458615763,C_area,1.0,27.627684754833584,,,,,https://www.equinix.com/data-centers/americas-colocation/united-states-colocation/silicon-valley-data-centers/sv16,osm,1
equinix-sv17-3b6e78,Equinix SV17,Equinix,colocation,37.37652899542374,-121.98858391312461,2960 Corvin Drive,Santa Clara,95051,SVP,"PWRPA,SVP",,1.0,1.0,False,42360.669778364216,42360.669778364216,25416.40186701853,4.82911635473352,2.287476168031668,8.234914204914002,C_area,1.0,44.41821223083892,,,,,https://www.equinix.com/data-centers/americas-colocation/united-states-colocation/silicon-valley-data-centers/sv17,osm,1
equinix-sv14-58daf0,Equinix SV14,Equinix,colocation,37.37496213796006,-121.98850932458727,2960 Corvin Drive,Santa Clara,95051,SVP,"PWRPA,SVP",,1.0,1.0,False,20213.122951770634,20213.122951770634,12127.873771062381,2.3042960165018522,1.0915086393956142,3.9294311018242114,C_area,1.0,21.194914759784034,,,,,https://www.equinix.com/data-centers/americas-colocation/united-states-colocation/silicon-valley-data-centers/sv14,osm,1
coresite-santa-clara-sv4-811c68,CoreSite - Santa Clara (SV4),CoreSite,colocation,37.37626310550223,-121.97068417340407,2972 Stender Way,Santa Clara,95054,SVP,"PWRPA,SVP",,1.0,1.0,False,51928.2984006067,51928.2984006067,31156.979040364018,5.9198260176691635,2.804128113632762,10.09486120907794,C_area,1.0,54.45055971052097,21.0,3.0,2.0,SNTCCAQM,http://www.coresite.com,"osm,peeringdb",2
prime-santa-clara-0031f4,Prime Santa Clara,Prime Data Centers,wholesale,37.375017216615134,-121.95324973328164,1111 Comstock Street,,,SVP,"PWRPA,SVP",,1.0,1.0,False,30065.643058814374,30065.643058814374,18039.385835288624,3.7882710254106113,1.8941355127053057,6.494178900703905,C_area,1.0,33.6830329953359,,,,,https://primedatacenters.com/santa-clara-data-centers/,osm,1
digital-realty-sjc-1100-space-park-ae8df5,Digital Realty SJC (1100 Space Park),Digital Realty,colocation,37.37582290510318,-121.95333535904953,1100 Space Park,Santa Clara,95054,SVP,"PWRPA,SVP",,3.0,3.0,False,57051.943126645005,171155.82937993502,102693.49762796101,19.51176454931259,9.242414786516491,33.272693231459364,C_area,1.0,179.4692103245772,7.0,1.0,1.0,,https://www.digitalrealty.com,"osm,peeringdb",2
colovore-70dcec,Colovore,Colovore,colocation,37.37672946668438,-121.95314883054196,,,,SVP,"PWRPA,SVP",,1.0,1.0,False,24161.698334489043,24161.698334489043,14497.019000693426,2.754433610131751,1.3047317100624083,4.69703415622467,C_area,1.0,25.335280345991844,,,,,,osm,1
digital-realty-sjc-3105-alfred-st-2cbcfe,Digital Realty SJC (3105 Alfred St),Digital Realty,colocation,37.37828897412897,-121.9581052869899,3105 Alfred Street,Santa Clara,95054,SVP,"PWRPA,SVP",,1.0,1.0,False,48539.20358473465,48539.20358473465,29123.52215084079,17.849999999999998,4.8896250000000006,21.99954545454545,B_generator,2.0,164.18429999999995,2.0,0.0,1.0,,https://www.digitalrealty.com,"epa_nei,osm,peeringdb",3
digital-realty-sjc-1201-comstock-st-2d0b5d,Digital Realty SJC (1201 Comstock St),Digital Realty,colocation,37.37499655,-121.9540769,1201 Comstock Street,Santa Clara,95054,SVP,"PWRPA,SVP",,1.0,1.0,False,24616.00487427264,24616.00487427264,14769.602924563584,2.806224555667081,1.3292642632107228,4.785351347558602,C_area,1.0,25.81165346302581,1.0,1.0,1.0,,https://www.digitalrealty.com,"osm,peeringdb",2
digital-realty-sjc-1525-comstock-st-4e8c03,Digital Realty SJC (1525 Comstock St),Digital Realty,colocation,37.37492909612394,-121.95598616989587,1525 Comstock Street,Santa Clara,95054,SVP,"PWRPA,SVP",,1.0,1.0,False,42504.99713106933,42504.99713106933,25502.998278641597,8.238461538461538,2.25675,10.153636363636362,B_generator,2.0,75.77736923076922,2.0,0.0,1.0,,https://www.digitalrealty.com,"epa_nei,osm,peeringdb",3
digital-realty-sjc-1725-comstock-st-558a97,Digital Realty SJC (1725 Comstock St),Digital Realty,colocation,37.3750232,-121.95809619999997,1725 Comstock St,Santa Clara,95054,SVP,"PWRPA,SVP",,1.0,1.0,False,40287.706272310024,40287.706272310024,24172.623763386015,6.865384615384615,1.8806249999999998,8.461363636363634,B_generator,2.0,63.14780769230769,0.0,0.0,1.0,,https://www.digitalrealty.com,"epa_nei,osm,peeringdb",3
centersquare-silicon-valley-sfo4-a-ecad88,Centersquare Silicon Valley (SFO4-A),CenterSquare,colocation,37.37577706116415,-121.95519298722978,1500 Space Park Dr,Santa Clara,95054,SVP,"PWRPA,SVP",,1.0,1.0,False,27286.788437893014,27286.788437893014,16372.073062735808,3.110693881919804,1.4734865756462228,5.304551672326402,C_area,1.0,28.612162325898353,0.0,0.0,0.0,,https://centersquaredc.com/data-centers/silicon-valley,"osm,peeringdb",2
prime-santa-clara-data-center-adb9b8,Prime SANTA CLARA DATA CENTER,Prime Data Centers,wholesale,37.37502630610428,-121.95488070141616,1231 Comstock Street,,,SVP,"PWRPA,SVP",,1.0,1.0,False,25825.78438381392,25825.78438381392,15495.470630288351,3.254048832360554,1.627024416180277,5.578369426903807,C_area,1.0,28.933049788050628,,,,,https://primedatacenters.com/santa-clara-data-centers/,osm,1
digital-realty-sjc-3011-lafayette-st-6909de,Digital Realty SJC (3011 Lafayette St),Digital Realty,colocation,37.37634100715937,-121.9485310474556,3011 Lafayette Street,Santa Clara,95054,SVP,"PWRPA,SVP",,1.0,1.0,False,44027.79833534463,44027.79833534463,26416.67900120678,5.019169010229287,2.3775011101086103,8.559003996390997,C_area,1.0,46.16631655608898,1.0,0.0,0.0,,https://www.digitalrealty.com,"osm,peeringdb",2
digital-realty-sjc-2805-lafayette-e18de5,Digital Realty SJC (2805 Lafayette),Digital Realty,colocation,37.37224989720611,-121.94832893020245,2805 Lafayette St,Santa Clara,95050,SVP,"PWRPA,SVP",,1.0,1.0,False,146597.46269590527,146597.46269590527,87958.47761754316,16.7121107473332,7.916262985578885,28.498546748083985,C_area,1.0,153.71799465397072,4.0,1.0,1.0,SNTECAHM,https://www.digitalrealty.com,"osm,peeringdb",2
unnamed-data-center-5d9199,Unnamed data center,,unknown,37.37977911175433,-121.94991004387074,3205 Bassett Street,Santa Clara,95054,SVP,"PWRPA,SVP",,1.0,1.0,False,18864.097038024418,18864.097038024418,11318.45822281465,2.1505070623347833,1.0186612400533186,3.8030019628657223,C_area,1.0,19.121018494043494,,,,,,osm,1
evocative-sjc11-afc016,Evocative SJC11,VPLS,unknown,37.389539602194105,-121.96194604419046,2151 Mission College Blvd,Santa Clara,95054,SVP,"PWRPA,SVP",,1.0,1.0,False,51418.05898792558,51418.05898792558,30850.835392755347,5.861658724623516,2.776575185347981,10.365880691965796,C_area,1.0,52.11835238411753,9.0,1.0,0.0,,http://www.internap.com,"osm,peeringdb",2
dell-350-holger-way-481d56,Dell 350 Holger Way,Dell 350 Holger Way,unknown,37.418407037231546,-121.94308461788361,400 Holger Way,San Jose,95134,PG&E,"PG&E,PWRPA",,1.0,1.0,False,45282.29283443985,45282.29283443985,27169.37570066391,5.162181383126143,2.445243813059752,9.128910235423072,C_area,1.0,45.89901954992778,,,,,,osm,1
sv-colo-9b7cc1,SV Colo,SV Colo,colocation,37.36431021582025,-121.95879926774862,Richard Avenue,Santa Clara,,SVP,"PWRPA,SVP",,1.0,1.0,False,57709.871515342995,57709.871515342995,34625.922909205794,6.578925352749101,3.116333061828522,11.218799022582678,C_area,1.0,60.51295539458622,,,,,https://www.svcolo.com/index.html,osm,1
microsoft-5ac0d5,Microsoft,Microsoft,hyperscale,37.36206620767397,-121.9464363556618,2055 Lafayette Street,Santa Clara,,SVP,"PWRPA,SVP",,1.0,1.0,False,166656.0491102449,166656.0491102449,99993.62946614694,23.998471071875265,11.24928331494153,40.79740082218795,C_area,1.0,206.02207445783475,,,,,,osm,1
centersquare-silicon-valley-sfo3-7eff0b,Centersquare Silicon Valley (SFO3),CenterSquare,colocation,37.37210369823861,-121.98603139678364,1400 Kifer Road,Sunnyvale,94068,PG&E,"PG&E,PWRPA",,1.0,1.0,False,71209.32643702136,71209.32643702136,42725.59586221282,8.117863213820435,3.845303627599153,13.843093059356953,C_area,1.0,74.66810584072036,2.0,0.0,1.0,,https://centersquaredc.com/data-centers/silicon-valley,"osm,peeringdb",2
digital-realty-sfo-200-paul-eb654d,Digital Realty SFO (200 Paul),Digital Realty,colocation,37.72360169588462,-122.39793596942165,200 Paul Ave,San Francisco,94110,PG&E,"CCSF,PG&E",,1.0,1.0,False,104867.38231372111,104867.38231372111,62920.42938823267,31.580769230769228,8.650875,38.92227272727272,B_generator,2.0,290.47991538461537,44.0,2.0,2.0,SNFCCA,https://www.digitalrealty.com,"epa_nei,osm,peeringdb",3
coresite-milpitas-sv2-ea7670,Coresite - Milpitas (SV2),CoreSite,colocation,37.40568310543112,-121.91624119411625,1656 McCarthy Blvd.,Milpitas,95035,PG&E,"PG&E,PWRPA",,1.0,1.0,False,89940.01270058556,89940.01270058556,53964.00762035134,5.492307692307692,1.5045,6.769090909090909,B_generator,2.0,50.51824615384616,6.0,2.0,1.0,MLPSCASD,http://www.coresite.com,"epa_nei,osm,peeringdb",3
digital-realty-sjc-2220-de-la-cruz-blvd-e3e377,Digital Realty SJC (2220 De La Cruz Blvd),Digital Realty,colocation,37.36168659295912,-121.94391135081642,2220 De La Cruz Blvd,Santa Clara,95050,SVP,"PWRPA,SVP",,1.0,1.0,False,297948.47165577504,297948.47165577504,178769.082993465,33.966125768758346,16.08921746941185,57.92118288988266,C_area,1.0,312.4204248210392,2.0,0.0,1.0,,https://www.digitalrealty.com,"osm,peeringdb",2
qes-computers-9f42e3,QES Computers,QES Computers,unknown,37.69947530000001,-121.90379949999999,,,,PG&E,PG&E,,1.0,1.0,False,941.0060415862392,941.0060415862392,564.6036249517435,0.10727468874083128,0.05081432624565692,0.18970681798378586,C_area,1.0,0.9538221674702272,,,,,,osm,1
hurricane-electric-fremont-1-c1ceae,Hurricane Electric Fremont 1,Hurricane Electric,colocation,37.48986462006342,-121.93101655267861,760 Mission Ct,Fremont,94539,PG&E,PG&E,,2.0,2.0,False,33640.05008579429,67280.10017158858,40368.060102953146,7.669931419561097,3.6331254092657836,13.079251473356818,C_area,1.0,70.54802919712297,41.0,3.0,0.0,FRMTCA,http://he.net/colocation.html,"osm,peeringdb",2
xo-fremont-1b8ecb,XO Fremont,XO,unknown,37.47533720761572,-121.92211346344415,47913;47923;47963 Warm Springs Boulevard,,,PG&E,PG&E,,1.0,1.0,False,65815.36744054618,65815.36744054618,39489.22046432771,7.502951888222264,3.554029841789494,13.268378076014109,C_area,1.0,66.71174641893944,,,,,,osm,1
hurricane-electric-fremont-2-a085c4,Hurricane Electric Fremont 2,Hurricane Electric,colocation,37.47182723936143,-121.92031059840465,48233 Warm Springs Blvd,Fremont,94539-7654,PG&E,PG&E,,2.0,2.0,False,181268.62725135472,362537.25450270943,217522.35270162564,41.32924701330887,19.57701174314631,70.47724227532672,C_area,1.0,380.146414028415,302.0,13.0,2.0,FRMTCA,https://he.net,"osm,peeringdb",2
equinix-sv6-silicon-valley-sunnyvale-300fba,"Equinix SV6 - Silicon Valley, Sunnyvale",Equinix,colocation,37.39960173954515,-122.01456250829585,444 Toyama Dr,Sunnyvale,94089,PG&E,"PG&E,PWRPA",,1.0,1.0,False,21678.97337865266,21678.97337865266,13007.384027191596,5.492307692307692,1.5045,6.769090909090909,B_generator,2.0,50.51824615384616,8.0,2.0,0.0,SNVBCA,https://www.equinix.com/locations/americas-colocation/united-states-colocation/silicon-valley-data-centers/sv6/,"epa_nei,osm,peeringdb",3
equinix-la7-los-angeles-9de8e8,Equinix LA7 - Los Angeles,Equinix,colocation,33.850752397934286,-118.30408149821677,1501 Francisco Street Torrance,Los Angeles,90501,LADWP,"LADWP,Metropolitan Water District of So. Cal",,1.0,1.0,False,107778.68299972669,107778.68299972669,64667.20979983601,12.28676986196884,5.82004888198524,20.95217597514687,C_area,1.0,113.01370919038939,2.0,1.0,1.0,,https://www.equinix.com/locations/americas-colocation/united-states-colocation/los-angeles-data-centers/la7/,"osm,peeringdb",2
serverfarm-lax1-los-angeles-428cbe,Serverfarm LAX1 Los Angeles,Serverfarm,colocation,33.9217416748991,-118.38643608713512,444 North Nash Street,El Segundo,90245,SCE,"Metropolitan Water District of So. Cal,SCE",1973.0,1.0,1.0,False,119102.55366005693,119102.55366005693,71461.53219603415,7.146153219603415,3.215768948821537,12.863075795286148,C_area,1.0,81.06739135382506,4.0,0.0,1.0,,https://www.serverfarmllc.com/los-angeles-data-center/,"osm,peeringdb",2
digital-realty-lax-2260-e-el-segundo-2a4c1e,Digital Realty LAX (2260 E El Segundo),Digital Realty,colocation,33.915648897084665,-118.38463005044814,2260 E El Segundo Blvd,El Segundo,90245,SCE,"Metropolitan Water District of So. Cal,SCE",1979.0,1.0,1.0,False,113311.0876301476,113311.0876301476,67986.65257808856,6.798665257808856,3.0593993660139853,12.237597464055941,C_area,1.0,77.12541841763523,8.0,1.0,1.0,,https://www.digitalrealty.com,"osm,peeringdb",2
drt-lax10-7d94e0,DRT LAX10,DRT LAX10,unknown,34.04732574557398,-118.25751427762594,,,,LADWP,"LADWP,Metropolitan Water District of So. Cal",,7.0,3.0,True,66979.67794959077,200939.0338487723,120563.42030926337,22.90704985876004,3.6169026092779015,40.509309223912496,C_area,1.0,203.675743114179,,,,,,osm,1
multacom-one-wilshire-e9be70,Multacom One Wilshire,MultaCom Inc,unknown,34.04789230530142,-118.25554585101754,624 S Grand Ave,Los Angeles,90017,LADWP,"LADWP,Metropolitan Water District of So. Cal",,30.0,3.0,True,43850.34016267709,131551.02048803127,78930.61229281875,14.996816335635563,2.367918368784563,26.520685730387104,C_area,1.0,133.34269276667004,1.0,0.0,0.0,,http://www.multacom.com,"osm,peeringdb",2
unnamed-data-center-a16537,Unnamed data center,,unknown,37.33363768924337,-121.88797542332672,150 South 1st Street,San Jose,95113,PG&E,"PG&E,PWRPA",,2.0,2.0,False,102004.18774933655,204008.3754986731,122405.02529920384,23.256954806848732,11.016452276928346,41.12808850053249,C_area,1.0,206.78688796961478,,,,,,osm,1
equinix-sv3-silicon-valley-san-jose-2a8623,"Equinix SV3 - Silicon Valley, San Jose",Equinix,colocation,37.388269556857004,-121.8884290887418,1735 Lundy Ave,San Jose,95131,PG&E,"PG&E,PWRPA",,1.0,1.0,False,109684.21202034858,109684.21202034858,65810.52721220914,9.61153846153846,2.632875,11.84590909090909,B_generator,2.0,88.40693076923075,22.0,2.0,1.0,,https://www.equinix.com/locations/americas-colocation/united-states-colocation/silicon-valley-data-centers/sv3/,"epa_nei,osm,peeringdb",3
digital-realty-sfo-365-main-bf6cb5,Digital Realty SFO (365 Main),Digital Realty,colocation,37.78873103595255,-122.39046904931595,365 Main Street,San Francisco,94105,PG&E,"CCSF,PG&E",,1.0,1.0,False,39318.74395753988,39318.74395753988,23591.24637452393,13.73076923076923,3.7612499999999995,16.92272727272727,B_generator,2.0,126.29561538461537,35.0,2.0,2.0,SNFCCA,https://www.digitalrealty.com,"epa_nei,osm,peeringdb",3
ntt-limited-b75b73,NTT Limited,NTT,colocation,37.4039042399413,-121.88929689221246,2334 Lundy Place,San Jose,95131,PG&E,"PG&E,PWRPA",,1.0,1.0,False,75249.1721369238,75249.1721369238,45149.50328215428,8.238461538461538,2.25675,10.153636363636362,B_generator,2.0,75.77736923076922,,,,,,"epa_nei,osm",2
csquare-sfo1-54cdc3,Csquare SFO1,Csquare,colocation,37.370438045433545,-121.96982954716508,2403 Walsh Avenue,Santa Clara,95051,SVP,"PWRPA,SVP",,1.0,1.0,False,83922.06782280002,83922.06782280002,50353.24069368001,9.567115731799202,4.531791662431201,16.314449984752322,C_area,1.0,87.99833050108906,,,,,https://www.csquare.com/data-centers/silicon-valley#santaclara-sfo1,osm,1
tpx-colocation-datacenter-180bda,TPx Colocation Datacenter,TPx Communications,unknown,33.70750645,-117.84410419999999,2001 East Dyer Road,Santa Ana,92705,SCE,"Metropolitan Water District of So. Cal,SCE",,1.0,1.0,False,37065.36729640943,37065.36729640943,22239.220377845657,4.225451871790675,2.0015298340061096,7.47237804695614,C_area,1.0,37.5701827728396,,,,,,osm,1
unnamed-data-center-eada51,Unnamed data center,,unknown,34.04791495,-118.25556895000001,624 South Grand Avenue,Los Angeles,90017,LADWP,"LADWP,Metropolitan Water District of So. Cal",,30.0,3.0,True,25505.253176585175,76515.75952975552,45909.455717853314,8.722796586392128,1.3772836715355996,15.425577121198714,C_area,1.0,77.55787356824698,,,,LSANCARC,,osm,1
equinix-sv10-cc41a7,Equinix SV10,Equinix,colocation,37.241198527062956,-121.78476265666035,7 Great Oaks Boulevard,San Jose,95119,PG&E,"PG&E,PWRPA",,1.0,1.0,False,86340.74174305981,86340.74174305981,51804.445045835884,9.84284455870882,4.6624000541252295,16.78464019485083,C_area,1.0,90.53448425100372,,,,,https://www.equinix.com/data-centers/americas-colocation/united-states-colocation/silicon-valley-data-centers/sv10,osm,1
unnamed-data-center-e2576c,Unnamed data center,,unknown,34.05946654640139,-117.20216650249529,,,,SCE,SCE,,1.0,1.0,False,993.6315819486352,993.6315819486352,596.1789491691811,0.11327400034214441,0.0536561054252263,0.20031612692084483,C_area,1.0,1.0071644466421426,,,,,,osm,1
pg-e-datacenter-7315e7,PG&E Datacenter,PG&E Datacenter,unknown,38.24625878202742,-122.06720998654048,425 Beck Avenue,Fairfield,94533,PG&E,PG&E,,1.0,1.0,False,55270.738392214174,55270.738392214174,33162.443035328506,6.300864176712416,2.984619873179565,11.142580859870378,C_area,1.0,56.023503740820765,,,,,,osm,1
ntt-silicon-valley-sv1-data-center-7bde99,NTT Silicon Valley SV1 Data Center,NTT,colocation,37.36905321203709,-121.95533775018632,1160 Walsh Avenue,Santa Clara,95050,SVP,"PWRPA,SVP",,1.0,1.0,False,38759.408044986936,38759.408044986936,23255.64482699216,4.41857251712851,2.0930080344292947,7.53482892394546,C_area,1.0,40.64203001254803,,,,,https://services.global.ntt/en-us/services-and-products/global-data-centers/global-locations/americas/silicon-valley-sv1-data-center,osm,1
unnamed-data-center-bd5193,Unnamed data center,,unknown,33.153600100000006,-117.23884635,,,,SDG&E,"Metropolitan Water District of So. Cal,SDG&E",,1.0,1.0,False,13597.185985678017,13597.185985678017,8158.31159140681,1.5500792023672938,0.734248043226613,2.7411926947126886,C_area,1.0,13.782374219928553,,,,,,osm,1
edgeconnex-sacramento-edcsac01-be6584,EdgeConneX Sacramento (EDCSAC01),EdgeConneX,colocation,38.5922973573424,-121.27743720759895,10980 Gold Center Dr,Rancho Cordova,95670,SMUD,SMUD,,1.0,1.0,False,29318.8826915268,29318.8826915268,17591.329614916078,3.342352626834055,1.5832196653424473,5.69959079523281,C_area,1.0,30.742959461619638,4.0,0.0,0.0,,http://www.edgeconnex.com,"osm,peeringdb",2
northwest-data-center-and-communications-hub-e0b1a6,Northwest Data Center and Communications Hub,Northwest Data Center and Communications Hub,unknown,37.433437064912574,-122.18073854152176,319 Oak Road,Stanford,,PG&E,"PG&E,PWRPA",,1.0,1.0,False,10145.908885520037,10145.908885520037,6087.545331312022,1.1566336129492842,0.547879079818082,2.0454152313208396,C_area,1.0,10.284092106177264,,,,,,osm,1
amazon-ff1641,Amazon,Amazon Web Services,hyperscale,37.38993272290663,-121.96598983183088,,,,SVP,"PWRPA,SVP",,1.0,1.0,False,98142.81128638294,98142.81128638294,58885.686771829765,14.132564825239145,6.624639761830848,24.02536020290654,C_area,1.0,121.32524251171299,,,,,,osm,1
unnamed-data-center-9036f8,Unnamed data center,,unknown,37.361139906174884,-121.94230618817126,2220 De La Cruz Boulevard,Santa Clara,,SVP,"PWRPA,SVP",,1.0,1.0,False,108346.23678578228,108346.23678578228,65007.742071469365,12.351470993579179,5.850696786432244,21.842601336013708,C_area,1.0,109.82186919230989,,,,,,osm,1
coresite-santa-clara-sv7-fd2a09,CoreSite - Santa Clara (SV7),CoreSite,colocation,37.37607876873246,-121.97305665058126,3020 Coronado Drive,Santa Clara,95054,SVP,"PWRPA,SVP",,1.0,1.0,False,60989.155581739375,60989.155581739375,36593.49334904362,6.952763736318288,3.293414401413926,11.856291845090134,C_area,1.0,63.951520846655605,20.0,2.0,0.0,SNTCCA,http://www.coresite.com,"osm,peeringdb",2
equinix-sv11-dc3435,Equinix SV11,Equinix,colocation,37.24260507379116,-121.78399863436228,5 Great Oaks Boulevard,San Jose,95119,PG&E,"PG&E,PWRPA",,1.0,1.0,False,76977.43382885591,76977.43382885591,46186.46029731354,8.775427456489572,4.1567814267582195,14.96441313632959,C_area,1.0,80.71638174479108,,,,,https://www.equinix.com/data-centers/americas-colocation/united-states-colocation/silicon-valley-data-centers/sv11,osm,1
unnamed-data-center-5bbb60,Unnamed data center,,unknown,37.3706429510358,-121.97450722366924,2590 Walsh Avenue,Santa Clara,95051,SVP,"PWRPA,SVP",,1.0,1.0,False,124070.05698913957,124070.05698913957,74442.03419348373,14.143986496761908,6.699783077413537,25.01252348901054,C_area,1.0,125.75984153730882,,,,,,osm,1
vantage-santa-clara-ca2-a79294,Vantage Santa Clara CA2,Vantage Data Centers,wholesale,37.364031831869895,-121.94684487603256,737 Mathew Street,Santa Clara,95051,SVP,"PWRPA,SVP",,1.0,1.0,False,132032.0675886152,132032.0675886152,79219.24055316912,16.636040516165515,8.318020258082758,28.518926599140883,C_area,1.0,147.91769064543405,,,,,https://vantage-dc.com/data-center-locations/north-america/santa-clara-ii-california/,osm,1
digital-realty-silicon-valley-sjc37-f2648a,Digital Realty Silicon Valley SJC37,Digital Realty,colocation,37.37093636922018,-121.94721635315912,641 Walsh Avenue,Santa Clara,95050,SVP,"PWRPA,SVP",,1.0,1.0,False,155689.57601655085,155689.57601655085,93413.74560993051,17.7486116658868,8.407237104893747,30.266053577617484,C_area,1.0,163.25173010282674,,,,,https://www.digitalrealty.com/data-centers/americas/silicon-valley/sjc37,osm,1
csquare-sfo4-40175a,Csquare SFO4,Csquare,colocation,37.375755231005066,-121.95626909175749,1550 Space Park Drive,Santa Clara,95054,SVP,"PWRPA,SVP",,1.0,1.0,False,32249.498299077393,32249.498299077393,19349.698979446435,3.6764428060948227,1.7414729081501794,6.269302469340645,C_area,1.0,33.81592093046017,,,,,https://www.csquare.com/data-centers/silicon-valley#santaclara-sfo4,osm,1
databank-santa-clara-sfo1-4c62cf,DataBank Santa Clara (SFO1),DataBank,colocation,37.40729868200681,-121.96595642203526,5101 Lafayette St,Santa Clara,95054-1010,SVP,"PWRPA,SVP",,1.0,1.0,False,26781.237778562114,26781.237778562114,16068.742667137267,3.053061106756081,1.4461868400423543,5.206272624152474,C_area,1.0,28.08205605994243,3.0,0.0,1.0,,https://www.databank.com/data-centers/silicon-valley/sv1/,"osm,peeringdb",2
edgecore-silicon-valley-f3d51a,EdgeCore Silicon Valley,EdgeCore Silicon Valley,unknown,37.3837182650583,-121.96538823666975,,,,SVP,"PWRPA,SVP",,1.0,1.0,False,80443.76382374203,80443.76382374203,48266.25829424522,9.170589075906591,4.34396324648207,16.217462786866392,C_area,1.0,81.53937570951585,,,,,https://edgecore.com/locations/silicon-valley/,osm,1
stack-svy02-089814,STACK SVY02,STACK Infrastructure,wholesale,37.36193156253162,-121.95374429778916,,,,SVP,"PWRPA,SVP",,1.0,1.0,False,136083.969982466,136083.969982466,81650.38198947959,17.146580217790717,8.573290108895359,29.39413751621265,C_area,1.0,152.45710334846436,,,,,https://www.stackinfra.com/locations/americas/silicon-valley/svy02/,osm,1
equinix-la1-los-angeles-2b9880,Equinix LA1 - Los Angeles,Equinix,colocation,34.047501,-118.2573,600 W 7th St,Los Angeles,90017-3859,LADWP,"LADWP,Metropolitan Water District of So. Cal",,1.0,1.0,False,,,,,,,,,,138.0,6.0,9.0,LSANCA,https://www.equinix.com/locations/americas-colocation/united-states-colocation/los-angeles-data-centers/la1/,peeringdb,1
coresite-los-angeles-la1-one-wilshire-40c607,CoreSite - Los Angeles (LA1) One Wilshire,CoreSite,colocation,34.047942,-118.255564,624 S. Grand Ave.,Los Angeles,90017,LADWP,"LADWP,Metropolitan Water District of So. Cal",,1.0,1.0,False,,,,,,,,,,336.0,5.0,9.0,LSANCARC,http://www.coresite.com,peeringdb,1
fedconnect-san-francisco-d3b5a8,FedConnect San Francisco,60 Fed LLC,unknown,37.783322,-122.392048,60 Federal Street,San Francisco,94103,PG&E,"CCSF,PG&E",,1.0,1.0,False,,,,,,,,,,0.0,0.0,0.0,SNFCCA,,peeringdb,1
jma-nac-los-angeles-d918c0,JMA NAC Los Angeles,JMA Wired,unknown,34.048428,-118.255186,530 West 6th Street,Los Angeles,90014,LADWP,"LADWP,Metropolitan Water District of So. Cal",,1.0,1.0,False,,,,,,,,,,0.0,1.0,0.0,LSANCA,,peeringdb,1
the-mission-street-center-21df65,The Mission Street Center,UnitedLayer LLC,unknown,37.780351,-122.408954,1019 Mission Street,San Francisco,94107,PG&E,"CCSF,PG&E",,1.0,1.0,False,,,,,,,,,,0.0,0.0,0.0,SNFCCA,https://unitedlayer.com,peeringdb,1
svtix-san-jose-ac60f6,SVTIX San Jose,SVTIX San Jose,unknown,37.333765,-121.904828,250 Stockton St,San Jose,95126,PG&E,"PG&E,PWRPA",,1.0,1.0,False,,,,,,,,,,3.0,0.0,0.0,SNJSCA,,peeringdb,1
kdweb-san-jose-2aeaa4,KDWEB San Jose,KDWEB,unknown,37.333885,-121.889302,50 W San Fernando,San Jose,95122,PG&E,"PG&E,PWRPA",,1.0,1.0,False,,,,,,,,,,0.0,0.0,0.0,SNJSCA,,peeringdb,1
equinix-sv17-silicon-valley-santa-clara-95f87e,"Equinix SV17 - Silicon Valley, Santa Clara",Equinix,colocation,37.376348,-121.988591,3030 Corvin Dr,Santa Clara,95051,SVP,"PWRPA,SVP",,1.0,1.0,False,,,,,,,,,,6.0,1.0,1.0,SNTCCA,https://www.equinix.com/locations/americas-colocation/united-states-colocation/silicon-valley-data-centers/sv17/,peeringdb,1
equinix-la2-los-angeles-6e645d,Equinix LA2 - Los Angeles,Equinix,colocation,34.048897,-118.259585,818 W 7th St,Los Angeles,90017,LADWP,"LADWP,Metropolitan Water District of So. Cal",,1.0,1.0,False,,,,,,,,,,14.0,5.0,1.0,LSANCA,https://www.equinix.com/locations/americas-colocation/united-states-colocation/los-angeles-data-centers/la2/,peeringdb,1
evocative-san-jose-sv7-c3a8ce,Evocative San Jose (SV7),VPLS,unknown,37.338431,-121.910133,534 Stockton Avenue,San Jose,95126,PG&E,"PG&E,PWRPA",,1.0,1.0,False,,,,,,,,,,7.0,0.0,1.0,SNJSCA,http://www.evocative.com,peeringdb,1
level-3-sunnyvale-7e9219,Level(3) Sunnyvale,Lumen Technologies,colocation,37.373412,-121.98778,1380 Kifer Rd.,Sunnyvale,95051,PG&E,"PG&E,PWRPA",,1.0,1.0,False,,,,,,,,,,8.0,2.0,0.0,SNVACA,http://www.level3.com/,peeringdb,1
evocative-sjc3-d25a6d,Evocative SJC3,VPLS,unknown,37.378042,-121.954136,3080 Raymond Street,Santa Clara,95054,SVP,"PWRPA,SVP",,1.0,1.0,False,,,,,,,,,,13.0,0.0,0.0,,http://www.evocative.com/,peeringdb,1
telehouse-los-angeles-457320,Telehouse - Los Angeles,Telehouse - Global Data Centers,unknown,34.048275,-118.256985,626 Wilshire Blvd #600,Los Angeles,90017,LADWP,"LADWP,Metropolitan Water District of So. Cal",,1.0,1.0,False,,,,,,,,,,5.0,1.0,0.0,LSANCA,http://www.telehouse.com,peeringdb,1
equinix-la3-la4-los-angeles-el-segundo-31bb71,"Equinix LA3/LA4 - Los Angeles, El Segundo",Equinix,colocation,33.921239,-118.383778,445 North Douglas Street,El Segundo,90245-3411,SCE,"Metropolitan Water District of So. Cal,SCE",,1.0,1.0,False,,,,,,,,,,56.0,3.0,3.0,,https://www.equinix.com/locations/united-states-colocation/los-angeles-data-centers/,peeringdb,1
ocdc-orange-county-datacenter-santa-ana-004a69,OCDC Orange County Datacenter Santa Ana,VPLS,unknown,33.729872,-117.851779,1400 S. Grand,Santa Ana,92705,SCE,"Metropolitan Water District of So. Cal,SCE",,1.0,1.0,False,,,,,,,,,,1.0,0.0,0.0,,http://www.govportals.com,peeringdb,1
digital-realty-lax-600-w-7th-16382f,Digital Realty LAX (600 W 7th),Digital Realty,colocation,34.047335,-118.25745,600 West 7th Street,Los Angeles,90017,LADWP,"LADWP,Metropolitan Water District of So. Cal",,1.0,1.0,False,,,,,,,,,,51.0,1.0,1.0,LSANCA,https://www.digitalrealty.com,peeringdb,1
190-park-center-plaza-san-jose-4be01d,190 Park Center Plaza San Jose,TelePacific Communications,unknown,37.332218,-121.892948,190 Park Center Plaza,San Jose,95113,PG&E,"PG&E,PWRPA",,1.0,1.0,False,,,,,,,,,,0.0,0.0,0.0,,http://www.telepacific.com,peeringdb,1
level-3-oakland-f46686,Level(3) Oakland,Lumen Technologies,colocation,37.834675,-122.286597,5000 Hollis Ave,Emeryville,94608,PG&E,PG&E,,1.0,1.0,False,,,,,,,,,,2.0,0.0,0.0,,http://www.level3.net/,peeringdb,1
digital-realty-oak-720-2nd-st-251da3,Digital Realty OAK (720 2nd St),Digital Realty,colocation,37.79906,-122.28282999999999,720 2nd St,Oakland,94607,PG&E,PG&E,,1.0,1.0,False,,,,10.190032769230768,3.0088963,12.529584181818178,B_generator,1.0,93.72792141138461,6.0,1.0,1.0,,https://www.digitalrealty.com,"epa_nei,peeringdb",2
qts-santa-clara-sjc1-sjc2-a940f0,QTS Santa Clara (SJC1/SJC2),QTS,wholesale,37.394031,-121.978279,2807 Mission College Blvd,Santa Clara,95054,SVP,"PWRPA,SVP",,1.0,1.0,False,,,,,,,,,,12.0,2.0,1.0,SNTCCA,http://www.qtsdatacenters.com/data-centers/santa-clara,peeringdb,1
274-brannan-street-98db8e,274 Brannan Street,The Swig Company,unknown,37.782582,-122.391764,274 Brannan Street,San Francisco,94107,PG&E,"CCSF,PG&E",,1.0,1.0,False,,,,,,,,,,2.0,0.0,0.0,SNFCCA,http://www.swigco.com/property-pages/sf-274-Brannan.html,peeringdb,1
telecom-center-la-a4b520,Telecom Center LA,Morlin Management,unknown,34.048428,-118.255186,530 West 6th Street,Los Angeles,90014,LADWP,"LADWP,Metropolitan Water District of So. Cal",,1.0,1.0,False,,,,,,,,,,10.0,1.0,0.0,,http://latelecomcenter.com/,peeringdb,1
telepacific-57c341,TelePacific,TelePacific Communications,unknown,37.77942,-122.394082,630 3rd Street,San Francisco,94107,PG&E,"CCSF,PG&E",,1.0,1.0,False,,,,,,,,,,0.0,0.0,0.0,,http://www.telepacific.com/products/colocation.asp,peeringdb,1
lightedge-san-diego-2-san2-75a686,LightEdge San Diego 2 (SAN2),LightEdge,colocation,32.897149,-117.20105,9725 Scranton Rd,San Diego,92121,SDG&E,"Metropolitan Water District of So. Cal,SDG&E",,1.0,1.0,False,,,,,,,,,,6.0,0.0,1.0,,http://www.lightedge.com/,peeringdb,1
nasa-moffet-field-c24c97,NASA Moffet Field,NASA,unknown,37.420567,-122.040197,Building N254 Moffett Field,Mountain View,94035,PG&E,"PG&E,PWRPA",,1.0,1.0,False,,,,,,,,,,1.0,1.0,0.0,,https://www.nasa.gov/,peeringdb,1
800-south-hope-faa296,800 south hope,Thomas Properties Group,unknown,34.045995,-118.258993,800 South Hope Street,Los Angeles,90017,LADWP,"LADWP,Metropolitan Water District of So. Cal",,1.0,1.0,False,,,,,,,,,,4.0,0.0,0.0,,http://www.tpgre.com/properties/800_south_hope.htm,peeringdb,1
quadranet-dtla-28c077,QuadraNet DTLA,QuadraNet Enterprises LLC,unknown,34.048428,-118.255186,530 West 6th Street,Los Angeles,90014,LADWP,"LADWP,Metropolitan Water District of So. Cal",,1.0,1.0,False,,,,,,,,,,17.0,1.0,0.0,,http://www.quadranet.com,peeringdb,1
xo-818-west-7th-89226a,XO 818 West 7th,Verizon,colocation,34.04881,-118.259457,818 West 7th Street,Los Angeles,90017,LADWP,"LADWP,Metropolitan Water District of So. Cal",,1.0,1.0,False,,,,,,,,,,0.0,0.0,0.0,,http://www.xo.com/services/network/Pages/collocation.aspx,peeringdb,1
xo-600-west-7th-8b44f6,XO 600 West 7th,Verizon,colocation,34.047322,-118.25745,600 West 7th Street,Los Angeles,90017,LADWP,"LADWP,Metropolitan Water District of So. Cal",,1.0,1.0,False,,,,,,,,,,0.0,0.0,0.0,,http://www.xo.com/services/network/Pages/collocation.aspx,peeringdb,1
801-tenth-street-modesto-ayera-eea2f5,801 Tenth Street Modesto (Ayera),"Ayera Technologies, Inc.",unknown,37.638551,-120.998503,801 Tenth Street,Modesto,95354,MID,MID,,1.0,1.0,False,,,,,,,,,,2.0,0.0,0.0,MDSTCA,http://www.ayera.com,peeringdb,1
level-3-los-angeles-072045,Level(3) Los Angeles,Lumen Technologies,colocation,34.048741,-118.25956,818 W 7th St,Los Angeles,90017-3463,LADWP,"LADWP,Metropolitan Water District of So. Cal",,1.0,1.0,False,,,,,,,,,,6.0,0.0,1.0,,http://www.level3.com,peeringdb,1
i2b-san02-b4b2a9,I2B SAN02,I2B Networks,unknown,32.830414,-117.136849,8830 Complex Dr,San Diego,92123,SDG&E,"Metropolitan Water District of So. Cal,SDG&E",,1.0,1.0,False,,,,,,,,,,3.0,0.0,0.0,,http://www.i2bnetworks.com,peeringdb,1
i2b-san01-98392c,I2B SAN01,I2B Networks,unknown,32.830139,-117.13445,8971 Complex Dr,San Diego,92123,SDG&E,"Metropolitan Water District of So. Cal,SDG&E",,1.0,1.0,False,,,,,,,,,,2.0,0.0,0.0,,http://www.i2bnetworks.com,peeringdb,1
fireline-data-center-a45ef3,Fireline Data Center,"Fireline Network Solutions, Inc",unknown,34.062122,-118.358612,5900 Wilshire Blvd,Los Angeles,90036,LADWP,"LADWP,Metropolitan Water District of So. Cal",,1.0,1.0,False,,,,,,,,,,1.0,0.0,0.0,,http://www.FirelineBroadband.com,peeringdb,1
bay-area-internet-6a1157,Bay Area Internet,"BAIS, INC",unknown,37.365431,-121.961738,2050 Martin Ave,Santa Clara,95050,SVP,"PWRPA,SVP",,1.0,1.0,False,,,,,,,,,,2.0,0.0,0.0,,http://www.bayarea.net,peeringdb,1
ez-network-systems-e4a8d4,EZ Network Systems,EZ Network Systems,unknown,37.990788,-121.289822,"4203 Coronado Ave., Suite 4",Stockton,95204,PG&E,PG&E,,1.0,1.0,False,,,,,,,,,,1.0,0.0,0.0,SKTPCA,http://www.ezisp.net,peeringdb,1
level-3-hayward-c8de31,Level(3) Hayward,Lumen Technologies,colocation,37.638508,-122.129908,23965 Connecticut St,Hayward,94545,PG&E,PG&E,,1.0,1.0,False,,,,,,,,,,0.0,0.0,0.0,,http://www.lumen.com/,peeringdb,1
sungard-as-sacramento-615b2d,Sungard AS Sacramento,Sungard Availability Services,unknown,38.596081,-121.272635,11085 Sun Center Drive,Rancho Cordova,95670,SMUD,SMUD,,1.0,1.0,False,,,,,,,,,,4.0,0.0,1.0,,https://www.sungardas.com/en-us/facilities/north-america/usa/sacramento-data-center/,peeringdb,1
ic2net-data-center-b381a4,IC2NET Data Center,IC2NET,unknown,33.717178,-117.803253,14351 Myford Rd,Tustin,92780,SCE,"Metropolitan Water District of So. Cal,SCE",,1.0,1.0,False,,,,,,,,,,0.0,0.0,0.0,,http://www.ic2net.net,peeringdb,1
evocative-emeryville-em1-7c112d,Evocative Emeryville (EM1),VPLS,unknown,37.847054,-122.293028,1400 65th Street,Emeryville,94608,PG&E,PG&E,,1.0,1.0,False,,,,,,,,,,3.0,0.0,0.0,,http://www.evocative.com,peeringdb,1
psychz-networks-lax1-fd36c7,Psychz Networks LAX1,Psychz Networks,unknown,34.048684,-118.257528,700 Wilshire Blvd #200,Los Angeles,90017,LADWP,"LADWP,Metropolitan Water District of So. Cal",,1.0,1.0,False,,,,,,,,,,9.0,0.0,0.0,,http://www.psychz.net,peeringdb,1
edgeconnex-santa-clara-edcsvc01-edcsvc02-2e885b,EdgeConneX Santa Clara (EDCSVC01/EDCSVC02),EdgeConneX,colocation,37.363907499999996,-121.95889700000001,1700 Richard Avenue,Santa Clara,95051,SVP,"PWRPA,SVP",,1.0,1.0,False,,,,6.865384615384615,1.8806249999999998,8.461363636363634,B_generator,1.0,63.14780769230769,7.0,1.0,1.0,,http://www.edgeconnex.com,"epa_nei,peeringdb",2
centersquare-los-angeles-lax3-3840ce,Centersquare Los Angeles (LAX3),CenterSquare,colocation,33.687339,-117.848727,17836 Gilette Ave.,Irvine,92614,SCE,"Metropolitan Water District of So. Cal,SCE",,1.0,1.0,False,,,,,,,,,,13.0,1.0,1.0,,https://centersquaredc.com/data-centers/los-angeles,peeringdb,1
multacom-main-353626,MultaCom Main,MultaCom Inc,unknown,34.049219,-118.257002,707 Wilshire Blvd,Los Angeles,90017,LADWP,"LADWP,Metropolitan Water District of So. Cal",,1.0,1.0,False,,,,,,,,,,3.0,0.0,0.0,,http://www.multacom.com,peeringdb,1
multacom-telecom-center-39b20a,Multacom Telecom Center,MultaCom Inc,unknown,34.048428,-118.255186,530 W 6th Street,Los Angeles,90017,LADWP,"LADWP,Metropolitan Water District of So. Cal",,1.0,1.0,False,,,,,,,,,,1.0,0.0,0.0,,http://www.multacom.com,peeringdb,1
h5-data-centers-silicon-valley-98683d,H5 Data Centers Silicon Valley,H5 Data Centers,colocation,37.372036,-121.987545,1360 Kifer Road,Sunnyvale,94086,PG&E,"PG&E,PWRPA",,1.0,1.0,False,,,,,,,,,,8.0,2.0,1.0,,https://h5datacenters.com/silicon-valley-colocation.html,peeringdb,1
datapipe-silicon-valley-one-295a36,DataPipe Silicon Valley One,"DataPipe, Inc.",unknown,37.333786,-121.8880085,150 S 1st St,San Jose,95113,PG&E,"PG&E,PWRPA",,1.0,1.0,False,,,,8.238461538461538,2.25675,10.153636363636362,B_generator,1.0,73.25145692307692,2.0,0.0,0.0,SNJLCAOQ,,"epa_nei,peeringdb",2
databank-irvine-sna1-fe778e,DataBank Irvine (SNA1),DataBank,colocation,33.690423,-117.840518,17222 Von Karman Ave,Irvine,92614,SCE,"Metropolitan Water District of So. Cal,SCE",,1.0,1.0,False,,,,,,,,,,4.0,0.0,1.0,IRVECARQ,https://www.databank.com/data-centers/irvine-data-centers/oc1/,peeringdb,1
unitedlayer-los-angeles-0e9e45,UnitedLayer Los Angeles,UnitedLayer LLC,unknown,34.048428,-118.255186,530 W 6th Street,Los Angeles,90017,LADWP,"LADWP,Metropolitan Water District of So. Cal",,1.0,1.0,False,,,,,,,,,,0.0,0.0,0.0,LSAJCAWZ,https://unitedlayer.com,peeringdb,1
ladc1-624-s-grand-ave-c16689,LADC1 - 624 S Grand Ave,Colocation America Corporation,unknown,34.047948,-118.255358,624 S Grand Ave,Los Angeles,90017,LADWP,"LADWP,Metropolitan Water District of So. Cal",,1.0,1.0,False,,,,,,,,,,0.0,0.0,0.0,,https://www.colocationamerica.com/data-center-locations/los-angeles.htm,peeringdb,1
ladc2-707-wilshire-blvd-8af5b8,LADC2 - 707 Wilshire Blvd,Colocation America Corporation,unknown,34.049219,-118.257002,707 Wilshire blvd,Los Angeles,90017,LADWP,"LADWP,Metropolitan Water District of So. Cal",,1.0,1.0,False,,,,,,,,,,0.0,0.0,0.0,,https://www.colocationamerica.com/data-center-locations/los-angeles.htm,peeringdb,1
ladc3-600-w-7th-st-a67430,LADC3 - 600 W 7th St,Colocation America Corporation,unknown,34.047415,-118.257382,600 W 7th St,Los Angeles,90017,LADWP,"LADWP,Metropolitan Water District of So. Cal",,1.0,1.0,False,,,,,,,,,,0.0,0.0,0.0,,https://www.colocationamerica.com/data-center-locations/los-angeles.htm,peeringdb,1
ladc4-530-w-6th-st-172296,LADC4 - 530 W 6th St,Colocation America Corporation,unknown,34.048428,-118.255186,530 W 6th St,Los Angeles,90017,LADWP,"LADWP,Metropolitan Water District of So. Cal",,1.0,1.0,False,,,,,,,,,,1.0,0.0,0.0,,https://www.colocationamerica.com/data-center-locations/los-angeles.htm,peeringdb,1
ladc5-650-s-grand-ave-8591af,LADC5 - 650 S Grand Ave,Colocation America Corporation,unknown,34.047423,-118.25618,650 S Grand Ave,Los Angeles,90017,LADWP,"LADWP,Metropolitan Water District of So. Cal",,1.0,1.0,False,,,,,,,,,,0.0,0.0,0.0,,https://www.colocationamerica.com/data-center-locations/los-angeles.htm,peeringdb,1
sfdc1-200-paul-ave-506803,SFDC1 - 200 Paul Ave,Colocation America Corporation,unknown,37.723698,-122.398056,200 Paul Ave,San Francisco,94124,PG&E,"CCSF,PG&E",,1.0,1.0,False,,,,,,,,,,1.0,0.0,0.0,,https://www.colocationamerica.com/data-center-locations/san-francisco.htm,peeringdb,1
aecero-orange-county-sna1-57c020,Aecero - Orange County (SNA1),Aecero Inc.,unknown,33.848958,-117.971033,2463 W La Palma Ave,Anaheim,92801,City of Anaheim Public Utilities Department,"City of Anaheim Public Utilities Department,Metropolitan Water District of So. Cal",,1.0,1.0,False,,,,,,,,,,1.0,0.0,1.0,,https://www.aecero.com,peeringdb,1
quadranet-lax-8c2ff9,QuadraNet LAX,QuadraNet Enterprises LLC,unknown,33.945894,-118.393553,6171 W Century Blvd Basement,Los Angeles,90045,LADWP,"LADWP,Metropolitan Water District of So. Cal",,1.0,1.0,False,,,,,,,,,,7.0,0.0,0.0,,https://www.quadranet.com,peeringdb,1
opus-interactive-silicon-valley-sjc01-7701c0,Opus Interactive Silicon Valley (SJC01),"Opus Interactive, Inc.",unknown,37.402211,-121.892822,2001 Fortune Dr,San Jose,95131,PG&E,"PG&E,PWRPA",,1.0,1.0,False,,,,,,,,,,0.0,0.0,0.0,,http://www.opusinteractive.com/datacenter-locations/,peeringdb,1
fireline-broadband-8c8e8a,Fireline Broadband,"Fireline Network Solutions, Inc dba: Fireline Broadband",unknown,33.948356,-118.073256,9911 Norwalk Blvd,Santa Fe Springs,90670,SCE,"Metropolitan Water District of So. Cal,SCE",,1.0,1.0,False,,,,,,,,,,0.0,0.0,0.0,,http://www.FirelineBroadband.com,peeringdb,1
quest-roseville-f97bcb,Quest Roseville,"Quest Media & Supplies, Inc.",unknown,38.789905,-121.313861,9000 Foothills Blvd,Roseville,95765,Roseville Electric,Roseville Electric,,1.0,1.0,False,,,,,,,,,,0.0,0.0,0.0,,https://www.questsys.com/,peeringdb,1
digital-realty-sjc-3205-alfred-st-43d703,Digital Realty SJC (3205 Alfred St),Digital Realty,colocation,37.379576,-121.958562,3205 Alfred Street,Santa Clara,95054,SVP,"PWRPA,SVP",,1.0,1.0,False,,,,,,,,,,0.0,0.0,0.0,,https://www.digitalrealty.com,peeringdb,1
digital-realty-sjc-1500-space-park-dr-bf0534,Digital Realty SJC (1500 Space Park Dr),Digital Realty,colocation,37.375801,-121.955182,1500 Space Park Drive,Santa Clara,95054,SVP,"PWRPA,SVP",,1.0,1.0,False,,,,,,,,,,0.0,0.0,1.0,,https://www.digitalrealty.com,peeringdb,1
burbank-water-and-power-217168,Burbank Water and Power,City of Burbank,unknown,34.177856,-118.316743,164 W. Magnolia Blvd,Burbank,91503,Burbank Water & Power,"Burbank Water & Power,Metropolitan Water District of So. Cal",,1.0,1.0,False,,,,,,,,,,0.0,0.0,0.0,,https://www.burbankwaterandpower.com/fiber-optics/one-burbank-services,peeringdb,1
x2nsat-petaluma-bee0a5,X2nSat Petaluma,"X2nSat, Inc",unknown,38.274793,-122.666564,"1310 Redwood Way, Ste C",Petaluma,94954,PG&E,"PG&E,PWRPA",,1.0,1.0,False,,,,,,,,,,0.0,0.0,0.0,,https://www.x2nsat.com,peeringdb,1
wave-data-centers-san-francisco-cebd75,Wave Data Centers San Francisco,Wave Division Holdings,unknown,37.723698,-122.398056,200 Paul Ave,San Francisco,94124,PG&E,"CCSF,PG&E",,1.0,1.0,False,,,,,,,,,,0.0,0.0,0.0,,http://www.wavesholesale.com,peeringdb,1
serverfarm-sc1-5de315,ServerFarm SC1,Serverfarm,colocation,37.407382,-121.965885,5101 Lafayette Street,Santa Clara,95054,SVP,"PWRPA,SVP",,1.0,1.0,False,,,,,,,,,,1.0,0.0,0.0,,https://www.serverfarmllc.com/data-centers/santa-clara-data-center/,peeringdb,1
subrigo-lax11-b4fd6e,Subrigo LAX11,SUBRIGO CORPORATION,unknown,34.047423,-118.25618,"650 S Grand Ave, Ste 701",Los Angeles,90017,LADWP,"LADWP,Metropolitan Water District of So. Cal",,1.0,1.0,False,,,,,,,,,,0.0,0.0,0.0,,http://www.subrigo.net,peeringdb,1
crown-castle-los-angeles-624-s-grand-e65497,Crown Castle Los Angeles (624 S Grand),Crown Castle Inc.,unknown,34.047948,-118.255358,"624 South Grand Ave, Suite 1207",Los Angeles,90017,LADWP,"LADWP,Metropolitan Water District of So. Cal",,1.0,1.0,False,,,,,,,,,,13.0,0.0,0.0,,http://fiber.crowncastle.com/solutions/infrastructure/colocation,peeringdb,1
stack-infrastructure-silicon-valley-svy01-081940,Stack Infrastructure Silicon Valley SVY01,STACK Infrastructure,wholesale,37.4024345,-121.89289600000001,2001 Fortune Drive,San Jose,95131,PG&E,"PG&E,PWRPA",,1.0,1.0,False,,,,13.73076923076923,3.7612499999999995,16.92272727272727,B_generator,1.0,122.08576153846153,1.0,0.0,0.0,,https://www.stackinfra.com/markets/silicon-valley/,"epa_nei,peeringdb",2
colocrossing-sj1-cd82cd,ColoCrossing SJ1,ColoCrossing,unknown,37.33417,-121.891703,55 S. Market Street,San Jose,95113,PG&E,"PG&E,PWRPA",,1.0,1.0,False,,,,,,,,,,0.0,0.0,0.0,,https://www.colocrossing.com/datacenter/san-jose-ca/,peeringdb,1
colocrossing-la1-c1e973,ColoCrossing LA1,ColoCrossing,unknown,34.048336,-118.255083,530 W. 6th Street,Los Angeles,90014,LADWP,"LADWP,Metropolitan Water District of So. Cal",,1.0,1.0,False,,,,,,,,,,3.0,0.0,0.0,,https://www.colocrossing.com/datacenter/los-angeles-ca/,peeringdb,1
centersquare-los-angeles-lax4-784d87,Centersquare Los Angeles (LAX4),CenterSquare,colocation,33.924259,-118.320802,2301 West 120th Street,Hawthorne,90250,SCE,"Metropolitan Water District of So. Cal,SCE",,1.0,1.0,False,,,,,,,,,,3.0,0.0,1.0,HWTHCANE,https://centersquaredc.com/data-centers/los-angeles,peeringdb,1
centersquare-los-angeles-lax5-1b0d26,Centersquare Los Angeles (LAX5),CenterSquare,colocation,33.684675,-117.836821,2681 Kelvin Avenue,Irvine,92614,SCE,"Metropolitan Water District of So. Cal,SCE",,1.0,1.0,False,,,,,,,,,,6.0,1.0,1.0,IRVNCAOW,https://centersquaredc.com/data-centers/los-angeles,peeringdb,1
border-crossing-pop-1-54a8d1,Border Crossing Pop 1,Mexico Internet Exchange,unknown,32.544028,-117.027372,5959 Rail Ct.,San Diego,92173,SDG&E,"Metropolitan Water District of So. Cal,SDG&E",,1.0,1.0,False,,,,,,,,,,0.0,0.0,0.0,SANDCA,http://www.mie.mx,peeringdb,1
volt-modesto-cacedf,Volt Modesto,Volt Broadband,unknown,37.641953,-121.00224,1150 9th Street,Modesto,95354,MID,MID,,1.0,1.0,False,,,,,,,,,,1.0,0.0,0.0,MDSTCA02,http://voltbb.com,peeringdb,1
turnkey-internet-ca-efc639,TurnKey Internet - CA,Turnkey Internet Inc.,unknown,34.048336,-118.255083,530 W. 6th Street,Los Angeles,90014,LADWP,"LADWP,Metropolitan Water District of So. Cal",,1.0,1.0,False,,,,,,,,,,1.0,0.0,0.0,,https://turnkeyinternet.net/,peeringdb,1
xfernet-lax01-ade529,Xfernet LAX01,Xfernet,unknown,34.061086,-118.293315,3250 Wilshire Blvd #301,Los Angeles,90010,LADWP,"LADWP,Metropolitan Water District of So. Cal",,1.0,1.0,False,,,,,,,,,,0.0,0.0,0.0,,http://www.xfernet.com,peeringdb,1
unwired-fat1-fresno-colocation-212b82,Unwired FAT1 - Fresno Colocation,"Unwired Broadband, LLC.",unknown,36.846165,-119.799363,414 W. Bedford,Fresno,93711,PG&E,PG&E,,1.0,1.0,False,,,,,,,,,,1.0,0.0,0.0,FRSNCA13,https://getunwired.com,peeringdb,1
the-garland-center-west-7-center-bf54fa,The Garland Center / West 7 Center,Rising Realty Partners,unknown,34.05112,-118.26591,1200 W.7th Street,Los Angeles,90017,LADWP,"LADWP,Metropolitan Water District of So. Cal",,1.0,1.0,False,,,,,,,,,,8.0,0.0,0.0,,http://www.west7center.com,peeringdb,1
fortress-sf1-24717e,Fortress SF1,Fortress Data Centers,unknown,37.782608,-122.391772,274 Brannan Street,San Francisco,94107,PG&E,"CCSF,PG&E",,1.0,1.0,False,,,,,,,,,,0.0,0.0,0.0,,https://www.fortressdc.com/,peeringdb,1
evocative-lax14-b06103,Evocative LAX14,VPLS,unknown,33.889248,-118.368733,3690 Redondo Beach Ave,Los Angeles,90278,SCE,"Metropolitan Water District of So. Cal,SCE",,1.0,1.0,False,,,,,,,,,,8.0,1.0,0.0,,http://www.evocative.com,peeringdb,1
coresite-los-angeles-la3-f7529a,CoreSite - Los Angeles (LA3),CoreSite,colocation,34.058703,-118.235929,200 Bauchet St,Los Angeles,90012-4855,LADWP,"LADWP,Metropolitan Water District of So. Cal",,1.0,1.0,False,,,,,,,,,,18.0,2.0,1.0,LSANCA,http://www.coresite.com,peeringdb,1
aiso-data-center-fa0af6,AISO Data Center,"Affordable Internet Services Online, Inc.",unknown,33.74821,-117.152165,25655 Louisa Lane,Romoland,92585,SCE,"Metropolitan Water District of So. Cal,SCE",,1.0,1.0,False,,,,,,,,,,1.0,0.0,0.0,PERSCAXF65X,https://www.aiso.net/technology/data-center,peeringdb,1
fiber-alley-8915-c80505,Fiber Alley 8915,Fiber Alley Datacenters,unknown,32.829836,-117.134159,8915 Complex Dr,San Diego,92123,SDG&E,"Metropolitan Water District of So. Cal,SDG&E",,1.0,1.0,False,,,,,,,,,,0.0,0.0,0.0,,https://www.fiberalley.com,peeringdb,1
fiber-alley-8917-d65717,Fiber Alley 8917,Fiber Alley Datacenters,unknown,32.829836,-117.134159,8917 Complex Dr,San Diego,92123,SDG&E,"Metropolitan Water District of So. Cal,SDG&E",,1.0,1.0,False,,,,,,,,,,0.0,0.0,0.0,,https://www.fiberalley.com,peeringdb,1
navisite-santa-clara-e317e2,Navisite Santa Clara,NaviSite LLC,unknown,37.37289,-121.948022,2805 Lafayette St,Santa Clara,95050,SVP,"PWRPA,SVP",,1.0,1.0,False,,,,,,,,,,0.0,0.0,0.0,,https://www.navisite.com/resources/datasheets/santa-clara-data-center,peeringdb,1
databank-san-diego-san1-b900d2,DataBank San Diego (SAN1),DataBank,colocation,32.988781,-117.073181,12270 World Trade Dr,San Diego,92128-3765,SDG&E,"Metropolitan Water District of So. Cal,SDG&E",,1.0,1.0,False,,,,,,,,,,3.0,0.0,0.0,,https://www.databank.com/data-centers/san-diego/san1/,peeringdb,1
databank-los-angeles-lax1-12fb2c,DataBank Los Angeles (LAX1),DataBank,colocation,34.047948,-118.255358,624 S Grand Ave,Los Angeles,90017-3335,LADWP,"LADWP,Metropolitan Water District of So. Cal",,1.0,1.0,False,,,,,,,,,,5.0,1.0,1.0,,https://www.databank.com/data-centers/los-angeles/lax1/,peeringdb,1
databank-irvine-sna2-122741,DataBank Irvine (SNA2),DataBank,colocation,33.687905,-117.842407,17400 Von Karman Ave,Irvine,92614-6206,SCE,"Metropolitan Water District of So. Cal,SCE",,1.0,1.0,False,,,,,,,,,,4.0,1.0,1.0,,https://www.databank.com/data-centers/irvine-data-centers/downtown-irvine-data-center/,peeringdb,1
scalematrix-san-diego-data-center-us-west-01-3a9ec4,ScaleMatrix San Diego Data Center US-West 01,"ScaleMatrix Holdings, Inc.",unknown,32.838205,-117.133185,5775 Kearny Villa Rd,San Diego,92123-1111,SDG&E,"Metropolitan Water District of So. Cal,SDG&E",,1.0,1.0,False,,,,,,,,,,3.0,0.0,1.0,,https://www.scalematrix.com/san-diego-data-center,peeringdb,1
t5-siliconvalley-f7f176,T5@SiliconValley,T5 Data Centers,unknown,37.510156,-122.001869,39800 Eureka Dr,Newark,94560-4809,PG&E,PG&E,,1.0,1.0,False,,,,,,,,,,0.0,0.0,1.0,,https://t5datacenters.com/locations/silicon-valley/,peeringdb,1
sd-comsat-santa-paula-ground-station-f8bb25,SD / Comsat Santa Paula Ground Station,SD Data Center,unknown,34.413094,-119.080887,7000 Pine Grove Rd,Santa Paula,93060-9589,SCE,SCE,,1.0,1.0,False,,,,,,,,,,1.0,0.0,0.0,,https://www.satcomdirect.com/infrastructure-services/satellite-ground-stations/,peeringdb,1
cogent-la-mirada-773268,Cogent La Mirada,"Cogent Communications, Inc.",unknown,33.879828,-118.026751,16680 Valley View Ave,La Mirada,90638-5823,SCE,"Metropolitan Water District of So. Cal,SCE",,1.0,1.0,False,,,,,,,,,,0.0,0.0,0.0,,https://www.cogentco.com/en/products-and-services/colocation,peeringdb,1
mdc-san-diego-cf2ff8,MDC San Diego,MDC Data Centers,unknown,32.594192,-117.085384,7014 Manya Cir,San Diego,92154-4711,SDG&E,"Metropolitan Water District of So. Cal,SDG&E",,1.0,1.0,False,,,,,,,,,,2.0,0.0,1.0,,https://mdcdatacenters.com,peeringdb,1
edgecore-silicon-valley-ab1c2b,EdgeCore Silicon Valley,Digital Realty,colocation,37.384692,-121.964919,2201 Laurelwood Rd,Santa Clara,95054-1516,SVP,"PWRPA,SVP",,1.0,1.0,False,,,,,,,,,,0.0,0.0,0.0,,https://www.edgecore.com/locations/locations,peeringdb,1
h5-data-centers-san-luis-obispo-2fa68f,H5 Data Centers San Luis Obispo,H5 Data Centers,colocation,35.255773,-120.640747,3610 Sacramento Dr,San Luis Obispo,93401-7113,PG&E,PG&E,,1.0,1.0,False,,,,,,,,,,0.0,0.0,0.0,,https://h5datacenters.com/san-luis-obispo-data-center.html,peeringdb,1
3hcloud-sfo-1-b8a679,3HCloud - SFO-1,3HCLOUD LLC,unknown,37.788637,-122.390676,365 Main St,San Francisco,94105,PG&E,"CCSF,PG&E",,1.0,1.0,False,,,,,,,,,,0.0,0.0,0.0,,https://3hcloud.com/,peeringdb,1
365-data-centers-rancho-cordova-ca1-eb6f0f,365 Data Centers Rancho Cordova (CA1),365 Data Centers,unknown,38.596063,-121.272644,11085 Sun Center Drive,Rancho Cordova,95670,SMUD,SMUD,,1.0,1.0,False,,,,,,,,,,0.0,0.0,0.0,,https://365datacenters.com/rancho-cordova-data-center/,peeringdb,1
hurricane-electric-san-jose-1-1b3d54,Hurricane Electric San Jose 1,Hurricane Electric,colocation,37.33417,-121.891703,55 S. Market Street,San Jose,95113,PG&E,"PG&E,PWRPA",,1.0,1.0,False,,,,,,,,,,2.0,0.0,0.0,,http://he.net/colocation.html,peeringdb,1
raging-wire-data-center-e06370,RAGING WIRE DATA CENTER,RAGING WIRE,unknown,38.65041,-121.48935,1200 STRIKER AVENUE,SACRAMENTO,95834,SMUD,SMUD,,1.0,1.0,False,,,,54.92307692307692,15.044999999999998,67.69090909090907,B_generator,1.0,488.3430461538461,,,,,,epa_nei,1
american-internet-services-inc-dee42b,AMERICAN INTERNET SERVICES INC,AMERICAN INTERNET SERVICES INC,unknown,32.829151,-117.130091,9305 LIGHTWAVE AV,SAN DIEGO,92123,SDG&E,"Metropolitan Water District of So. Cal,SDG&E",,1.0,1.0,False,,,,2.341292307692308,1.5218399999999999,2.7669818181818178,B_generator,1.0,20.817366424615383,,,,,,epa_nei,1
amazon-data-services-inc-2f97f0,"AMAZON DATA SERVICES, INC.",Amazon Web Services,hyperscale,37.625457,-122.109299,26464 CORPORATE AVE,HAYWARD,94545,PG&E,PG&E,,1.0,1.0,False,,,,28.834615384615383,7.898625,35.53772727272727,B_generator,1.0,247.5394061538461,,,,,,epa_nei,1
apple-inc-3826fc,APPLE INC,Apple,hyperscale,37.506933,-122.000159,39800 EUREKA DRIVE,NEWARK,94560,PG&E,PG&E,,1.0,1.0,False,,,,19.22307692307692,5.26575,23.69181818181818,B_generator,1.0,165.02627076923073,,,,,,epa_nei,1
facebook-inc-bf14e7,"FACEBOOK, INC",Meta,hyperscale,37.48454,-122.147995,FACEBOOK CAMPUS,MENLO PARK,94025,PG&E,PG&E,,1.0,1.0,False,,,,8.238461538461538,2.25675,10.153636363636362,B_generator,1.0,70.72554461538459,,,,,,epa_nei,1
cyxtera-communications-llc-54eac7,"CYXTERA COMMUNICATIONS, LLC","CYXTERA COMMUNICATIONS, LLC",unknown,37.37595,-121.956238,1500 SPACE PARK DRIVE,SANTA CLARA,95054,SVP,"PWRPA,SVP",,1.0,1.0,False,,,,6.865384615384615,1.8806249999999998,8.461363636363634,B_generator,1.0,61.04288076923076,,,,,,epa_nei,1
microsoft-corporation-05f6e3,MICROSOFT CORPORATION,Microsoft,hyperscale,37.360724,-121.948872,2045 LAFAYETTE STREET,SANTA CLARA,95050,SVP,"PWRPA,SVP",,1.0,1.0,False,,,,34.35846461538461,22.333001999999997,40.60545818181817,B_generator,1.0,294.9605470301538,,,,,,epa_nei,1
xeres-ventures-lp-sc1-e03279,"XERES VENTURES, LP (SC1)","XERES VENTURES, LP (SC1)",unknown,37.361656,-121.943303,535 REED STREET,SANTA CLARA,95050,SVP,"PWRPA,SVP",,1.0,1.0,False,,,,60.41538461538462,16.5495,74.46,B_generator,1.0,537.1773507692308,,,,,,epa_nei,1
quality-investment-properties-santa-clara-ll-e6077d,"QUALITY INVESTMENT PROPERTIES SANTA CLARA, LLC","QUALITY INVESTMENT PROPERTIES SANTA CLARA, LLC",unknown,37.391102,-121.97696,2807 MISSION COLLEGE BLVD,SANTA CLARA,95054,SVP,"PWRPA,SVP",,1.0,1.0,False,,,,15.103846153846154,4.137375,18.615,B_generator,1.0,134.2943376923077,,,,,,epa_nei,1
amazon-data-services-inc-5ef47b,"AMAZON DATA SERVICES, INC.",Amazon Web Services,hyperscale,37.373078,-121.970022,2950 STENDER WAY,SANTA CLARA,95054,SVP,"PWRPA,SVP",,1.0,1.0,False,,,,30.20769230769231,8.27475,37.23,B_generator,1.0,259.3269969230769,,,,,,epa_nei,1
cyxtera-communications-llc-sc8-e3303d,"CYXTERA COMMUNICATIONS, LLC - SC8",CYXTERA COMMUNICATIONS  LLC - SC8,unknown,37.397849,-121.97958,4700 OLD IRONSIDES,SANTA CLARA,95054,SVP,"PWRPA,SVP",,1.0,1.0,False,,,,9.683194769230766,6.294076599999999,11.443775636363632,B_generator,1.0,86.09715797113843,,,,,,epa_nei,1
cyxtera-communications-llc-sn1-81e31b,"CYXTERA COMMUNICATIONS, LLC SN1","CYXTERA COMMUNICATIONS, LLC SN1",unknown,37.373805,-121.996926,1400 KIFER ROAD,SUNNYVALE,94086,PG&E,"PG&E,PWRPA",,1.0,1.0,False,,,,6.865384615384615,1.8806249999999998,8.461363636363634,B_generator,1.0,61.04288076923076,,,,,,epa_nei,1
cyxtera-communications-llc-sc4-5-f4cf12,CYXTERA COMMUNICATIONS  LLC SC4-5,CYXTERA COMMUNICATIONS  LLC,unknown,37.371502,-121.969714,2401 WALSH AVENUE,SANTA CLARA,95051,SVP,"PWRPA,SVP",,1.0,1.0,False,,,,20.596153846153843,5.641875,25.384090909090908,B_generator,1.0,183.12864230769227,,,,,,epa_nei,1
google-llc-032272,GOOGLE LLC,Google,hyperscale,37.422084,-122.088629,"MOUNTAIN, VIEW CAMPUS",MOUNTAIN VIEW,94043,PG&E,"PG&E,PWRPA",,1.0,1.0,False,,,,39.006265923076924,10.895572849999999,48.045587,B_generator,1.0,334.86099169643074,,,,,,epa_nei,1
3011-lafayette-f82457,3011 LAFAYETTE,3011 LAFAYETTE,unknown,37.376741,-121.94989,3011 LAFAYETTE STREET,SANTA CLARA,95054,SVP,"PWRPA,SVP",,1.0,1.0,False,,,,8.238461538461538,2.25675,10.153636363636362,B_generator,1.0,73.25145692307692,,,,,,epa_nei,1
vantage-data-centers-management-o-d174e9,VANTAGE DATA CENTERS MANAGEMENT O.,Vantage Data Centers,wholesale,37.36402,-121.947583,725 MATHEW STREET,SANTA CLARA,95050,SVP,"PWRPA,SVP",,1.0,1.0,False,,,,23.342307692307692,6.394125,28.768636363636354,B_generator,1.0,207.5457946153846,,,,,,epa_nei,1
vdc-v-2c6883,VDC V,VDC V,unknown,37.373952,-121.987753,3000 CORVIN DRIVE,SANTA CLARA,95051,PG&E,"PG&E,PWRPA",,1.0,1.0,False,,,,23.342307692307692,6.394125,28.768636363636354,B_generator,1.0,207.5457946153846,,,,,,epa_nei,1
google-llc-66600a,GOOGLE LLC,Google,hyperscale,37.39998,-122.05266,475 ELLIS STREET,MOUNTAIN VIEW,94043,PG&E,"PG&E,PWRPA",,1.0,1.0,False,,,,3.9230769230769225,2.55,4.636363636363636,B_generator,1.0,33.678830769230764,,,,,,epa_nei,1
cyxtera-communications-llc-sc9-77afac,"CYXTERA COMMUNICATIONS, LLC SC9","CYXTERA COMMUNICATIONS, LLC SC9",unknown,37.397011,-121.979614,4650 OLD IRONSIDES ROAD,SANTA CLARA,95054,SVP,"PWRPA,SVP",,1.0,1.0,False,,,,8.238461538461538,2.25675,10.153636363636362,B_generator,1.0,73.25145692307692,,,,,,epa_nei,1
google-llc-489159,GOOGLE LLC,Google,hyperscale,37.408194,-122.026422,1220 N MATHILDA AVE,SUNNYVALE,94089,PG&E,"PG&E,PWRPA",,1.0,1.0,False,,,,16.084615384615386,4.774875,19.77409090909091,B_generator,1.0,138.08320615384613,,,,,,epa_nei,1
vxchnge-ca-llc-ce6be0,VXCHNGE - CA LLC,VXCHNGE - CA LLC,unknown,37.363913,-121.960944,2050 MARTIN AVENUE,SANTA CLARA,95050,SVP,"PWRPA,SVP",,1.0,1.0,False,,,,10.984615384615385,3.009,13.538181818181817,B_generator,1.0,97.66860923076922,,,,,,epa_nei,1
jay-paul-company-2485a1,JAY PAUL COMPANY,JAY PAUL COMPANY,unknown,37.409194,-122.036171,1050 ENTERPRISE WAY,SUNNYVALE,94089,PG&E,"PG&E,PWRPA",,1.0,1.0,False,,,,6.865384615384615,1.8806249999999998,8.461363636363634,B_generator,1.0,61.04288076923076,,,,,,epa_nei,1
2805-lafayette-f3160d,2805 LAFAYETTE,2805 LAFAYETTE,unknown,37.370045,-121.947059,2805 LAFAYETTE STREET,SANTA CLARA,95050,SVP,"PWRPA,SVP",,1.0,1.0,False,,,,15.103846153846154,4.137375,18.615,B_generator,1.0,134.2943376923077,,,,,,epa_nei,1
1100-space-park-llc-3b98f5,"1100 SPACE PARK, LLC","1100 SPACE PARK, LLC",unknown,37.375992,-121.953956,1100 SPACE PARK DRIVE,SANTA CLARA,95054,SVP,"PWRPA,SVP",,1.0,1.0,False,,,,13.665384615384614,4.235125,16.77590909090909,B_generator,1.0,121.50440076923074,,,,,,epa_nei,1
element-critical-8e18c0,ELEMENT CRITICAL,ELEMENT CRITICAL,unknown,37.37176,-121.987602,1360 KIFER ROAD,SUNNYVALE,94086,PG&E,"PG&E,PWRPA",,1.0,1.0,False,,,,5.492307692307692,1.5045,6.769090909090909,B_generator,1.0,48.83430461538461,,,,,,epa_nei,1
hosting-com-4e37d5,HOSTING COM,HOSTING COM,unknown,37.779721,-122.393864,630 3RD STREET,SAN FRANCISCO,94107,PG&E,"CCSF,PG&E",,1.0,1.0,False,,,,5.492307692307692,1.5045,6.769090909090909,B_generator,1.0,48.83430461538461,,,,,,epa_nei,1
