facility_id,method,basis,it_load_mw,ci_low_mw,ci_high_mw,annual_gwh,pue_used,n_generator_units,generator_nameplate_mw,partial_occupancy,stated_value_mw,source_url,retrieved_at,quote,assumptions_json
2805-lafayette-f3160d,B_generator,backup_generator_fleet,15.103846153846154,4.137375,18.615,134.2943376923077,1.45,11.0,23.1,,,https://www.epa.gov/air-emissions-inventories,,,"{""critical_to_it"": 0.85, ""n_generator_units"": 11, ""n_units_with_parsed_rating"": 0, ""nameplate_mw_mid"": 23.1, ""parsed_rated_kw_sum"": 0.0, ""per_unit_kw_prior"": {""high"": 2190.0, ""low"": 885.0, ""mid"": 2100.0, ""provenance"": ""median/IQR of 60 NEI 2020 CA data-center units whose nameplate parsed from free text""}, ""pue_mid"": 1.45, ""redundancy_ci"": [1.1, 2.0], ""redundancy_factor"": 1.3, ""utilization"": 0.7}"
3011-lafayette-f82457,B_generator,backup_generator_fleet,8.238461538461538,2.25675,10.153636363636362,73.25145692307692,1.45,6.0,12.6,,,https://www.epa.gov/air-emissions-inventories,,,"{""critical_to_it"": 0.85, ""n_generator_units"": 6, ""n_units_with_parsed_rating"": 0, ""nameplate_mw_mid"": 12.6, ""parsed_rated_kw_sum"": 0.0, ""per_unit_kw_prior"": {""high"": 2190.0, ""low"": 885.0, ""mid"": 2100.0, ""provenance"": ""median/IQR of 60 NEI 2020 CA data-center units whose nameplate parsed from free text""}, ""pue_mid"": 1.45, ""redundancy_ci"": [1.1, 2.0], ""redundancy_factor"": 1.3, ""utilization"": 0.7}"
amazon-data-services-inc-2f97f0,B_generator,backup_generator_fleet,28.834615384615383,7.898625,35.53772727272727,247.5394061538461,1.4,21.0,44.1,,,https://www.epa.gov/air-emissions-inventories,,,"{""critical_to_it"": 0.85, ""n_generator_units"": 21, ""n_units_with_parsed_rating"": 0, ""nameplate_mw_mid"": 44.1, ""parsed_rated_kw_sum"": 0.0, ""per_unit_kw_prior"": {""high"": 2190.0, ""low"": 885.0, ""mid"": 2100.0, ""provenance"": ""median/IQR of 60 NEI 2020 CA data-center units whose nameplate parsed from free text""}, ""pue_mid"": 1.4, ""redundancy_ci"": [1.1, 2.0], ""redundancy_factor"": 1.3, ""utilization"": 0.7}"
amazon-data-services-inc-5ef47b,B_generator,backup_generator_fleet,30.20769230769231,8.27475,37.23,259.3269969230769,1.4,22.0,46.2,,,https://www.epa.gov/air-emissions-inventories,,,"{""critical_to_it"": 0.85, ""n_generator_units"": 22, ""n_units_with_parsed_rating"": 0, ""nameplate_mw_mid"": 46.2, ""parsed_rated_kw_sum"": 0.0, ""per_unit_kw_prior"": {""high"": 2190.0, ""low"": 885.0, ""mid"": 2100.0, ""provenance"": ""median/IQR of 60 NEI 2020 CA data-center units whose nameplate parsed from free text""}, ""pue_mid"": 1.4, ""redundancy_ci"": [1.1, 2.0], ""redundancy_factor"": 1.3, ""utilization"": 0.7}"
american-internet-services-inc-dee42b,B_generator,backup_generator_fleet,2.341292307692308,1.5218399999999999,2.7669818181818178,20.817366424615383,1.45,8.0,3.5808,,,https://www.epa.gov/air-emissions-inventories,,,"{""critical_to_it"": 0.85, ""n_generator_units"": 8, ""n_units_with_parsed_rating"": 8, ""nameplate_mw_mid"": 3.5808, ""parsed_rated_kw_sum"": 3580.8, ""per_unit_kw_prior"": {""high"": 2190.0, ""low"": 885.0, ""mid"": 2100.0, ""provenance"": ""median/IQR of 60 NEI 2020 CA data-center units whose nameplate parsed from free text""}, ""pue_mid"": 1.45, ""redundancy_ci"": [1.1, 2.0], ""redundancy_factor"": 1.3, ""utilization"": 0.7}"
apple-inc-3826fc,B_generator,backup_generator_fleet,19.22307692307692,5.26575,23.69181818181818,165.02627076923073,1.4,14.0,29.4,,,https://www.epa.gov/air-emissions-inventories,,,"{""critical_to_it"": 0.85, ""n_generator_units"": 14, ""n_units_with_parsed_rating"": 0, ""nameplate_mw_mid"": 29.4, ""parsed_rated_kw_sum"": 0.0, ""per_unit_kw_prior"": {""high"": 2190.0, ""low"": 885.0, ""mid"": 2100.0, ""provenance"": ""median/IQR of 60 NEI 2020 CA data-center units whose nameplate parsed from free text""}, ""pue_mid"": 1.4, ""redundancy_ci"": [1.1, 2.0], ""redundancy_factor"": 1.3, ""utilization"": 0.7}"
coresite-milpitas-sv2-ea7670,B_generator,backup_generator_fleet,5.492307692307692,1.5045,6.769090909090909,50.51824615384616,1.5,4.0,8.4,,,https://www.epa.gov/air-emissions-inventories,,,"{""critical_to_it"": 0.85, ""n_generator_units"": 4, ""n_units_with_parsed_rating"": 0, ""nameplate_mw_mid"": 8.4, ""parsed_rated_kw_sum"": 0.0, ""per_unit_kw_prior"": {""high"": 2190.0, ""low"": 885.0, ""mid"": 2100.0, ""provenance"": ""median/IQR of 60 NEI 2020 CA data-center units whose nameplate parsed from free text""}, ""pue_mid"": 1.5, ""redundancy_ci"": [1.1, 2.0], ""redundancy_factor"": 1.3, ""utilization"": 0.7}"
coresite-san-jose-sv1-16db38,B_generator,backup_generator_fleet,6.879769230769231,2.4063499999999998,8.40881818181818,63.28011738461538,1.5,5.0,10.522,,,https://www.epa.gov/air-emissions-inventories,,,"{""critical_to_it"": 0.85, ""n_generator_units"": 5, ""n_units_with_parsed_rating"": 1, ""nameplate_mw_mid"": 10.522, ""parsed_rated_kw_sum"": 2122.0, ""per_unit_kw_prior"": {""high"": 2190.0, ""low"": 885.0, ""mid"": 2100.0, ""provenance"": ""median/IQR of 60 NEI 2020 CA data-center units whose nameplate parsed from free text""}, ""pue_mid"": 1.5, ""redundancy_ci"": [1.1, 2.0], ""redundancy_factor"": 1.3, ""utilization"": 0.7}"
coresite-santa-clara-sv3-ca6c12,B_generator,backup_generator_fleet,28.834615384615383,7.898625,35.53772727272727,265.2207923076923,1.5,21.0,44.1,,,https://www.epa.gov/air-emissions-inventories,,,"{""critical_to_it"": 0.85, ""n_generator_units"": 21, ""n_units_with_parsed_rating"": 0, ""nameplate_mw_mid"": 44.1, ""parsed_rated_kw_sum"": 0.0, ""per_unit_kw_prior"": {""high"": 2190.0, ""low"": 885.0, ""mid"": 2100.0, ""provenance"": ""median/IQR of 60 NEI 2020 CA data-center units whose nameplate parsed from free text""}, ""pue_mid"": 1.5, ""redundancy_ci"": [1.1, 2.0], ""redundancy_factor"": 1.3, ""utilization"": 0.7}"
cyxtera-communications-llc-54eac7,B_generator,backup_generator_fleet,6.865384615384615,1.8806249999999998,8.461363636363634,61.04288076923076,1.45,5.0,10.5,,,https://www.epa.gov/air-emissions-inventories,,,"{""critical_to_it"": 0.85, ""n_generator_units"": 5, ""n_units_with_parsed_rating"": 0, ""nameplate_mw_mid"": 10.5, ""parsed_rated_kw_sum"": 0.0, ""per_unit_kw_prior"": {""high"": 2190.0, ""low"": 885.0, ""mid"": 2100.0, ""provenance"": ""median/IQR of 60 NEI 2020 CA data-center units whose nameplate parsed from free text""}, ""pue_mid"": 1.45, ""redundancy_ci"": [1.1, 2.0], ""redundancy_factor"": 1.3, ""utilization"": 0.7}"
cyxtera-communications-llc-sc4-5-f4cf12,B_generator,backup_generator_fleet,20.596153846153843,5.641875,25.384090909090908,183.12864230769227,1.45,15.0,31.5,,,https://www.epa.gov/air-emissions-inventories,,,"{""critical_to_it"": 0.85, ""n_generator_units"": 15, ""n_units_with_parsed_rating"": 0, ""nameplate_mw_mid"": 31.5, ""parsed_rated_kw_sum"": 0.0, ""per_unit_kw_prior"": {""high"": 2190.0, ""low"": 885.0, ""mid"": 2100.0, ""provenance"": ""median/IQR of 60 NEI 2020 CA data-center units whose nameplate parsed from free text""}, ""pue_mid"": 1.45, ""redundancy_ci"": [1.1, 2.0], ""redundancy_factor"": 1.3, ""utilization"": 0.7}"
cyxtera-communications-llc-sc8-e3303d,B_generator,backup_generator_fleet,9.683194769230766,6.294076599999999,11.443775636363632,86.09715797113843,1.45,7.0,14.809591999999997,,,https://www.epa.gov/air-emissions-inventories,,,"{""critical_to_it"": 0.85, ""n_generator_units"": 7, ""n_units_with_parsed_rating"": 7, ""nameplate_mw_mid"": 14.809591999999997, ""parsed_rated_kw_sum"": 14809.591999999997, ""per_unit_kw_prior"": {""high"": 2190.0, ""low"": 885.0, ""mid"": 2100.0, ""provenance"": ""median/IQR of 60 NEI 2020 CA data-center units whose nameplate parsed from free text""}, ""pue_mid"": 1.45, ""redundancy_ci"": [1.1, 2.0], ""redundancy_factor"": 1.3, ""utilization"": 0.7}"
cyxtera-communications-llc-sc9-77afac,B_generator,backup_generator_fleet,8.238461538461538,2.25675,10.153636363636362,73.25145692307692,1.45,6.0,12.6,,,https://www.epa.gov/air-emissions-inventories,,,"{""critical_to_it"": 0.85, ""n_generator_units"": 6, ""n_units_with_parsed_rating"": 0, ""nameplate_mw_mid"": 12.6, ""parsed_rated_kw_sum"": 0.0, ""per_unit_kw_prior"": {""high"": 2190.0, ""low"": 885.0, ""mid"": 2100.0, ""provenance"": ""median/IQR of 60 NEI 2020 CA data-center units whose nameplate parsed from free text""}, ""pue_mid"": 1.45, ""redundancy_ci"": [1.1, 2.0], ""redundancy_factor"": 1.3, ""utilization"": 0.7}"
cyxtera-communications-llc-sn1-81e31b,B_generator,backup_generator_fleet,6.865384615384615,1.8806249999999998,8.461363636363634,61.04288076923076,1.45,5.0,10.5,,,https://www.epa.gov/air-emissions-inventories,,,"{""critical_to_it"": 0.85, ""n_generator_units"": 5, ""n_units_with_parsed_rating"": 0, ""nameplate_mw_mid"": 10.5, ""parsed_rated_kw_sum"": 0.0, ""per_unit_kw_prior"": {""high"": 2190.0, ""low"": 885.0, ""mid"": 2100.0, ""provenance"": ""median/IQR of 60 NEI 2020 CA data-center units whose nameplate parsed from free text""}, ""pue_mid"": 1.45, ""redundancy_ci"": [1.1, 2.0], ""redundancy_factor"": 1.3, ""utilization"": 0.7}"
datapipe-silicon-valley-one-295a36,B_generator,backup_generator_fleet,8.238461538461538,2.25675,10.153636363636362,73.25145692307692,1.45,6.0,12.6,,,https://www.epa.gov/air-emissions-inventories,,,"{""critical_to_it"": 0.85, ""n_generator_units"": 6, ""n_units_with_parsed_rating"": 0, ""nameplate_mw_mid"": 12.6, ""parsed_rated_kw_sum"": 0.0, ""per_unit_kw_prior"": {""high"": 2190.0, ""low"": 885.0, ""mid"": 2100.0, ""provenance"": ""median/IQR of 60 NEI 2020 CA data-center units whose nameplate parsed from free text""}, ""pue_mid"": 1.45, ""redundancy_ci"": [1.1, 2.0], ""redundancy_factor"": 1.3, ""utilization"": 0.7}"
digital-realty-oak-720-2nd-st-f65d1c,B_generator,backup_generator_fleet,10.190032769230768,3.0088963,12.529584181818178,93.72792141138461,1.5,8.0,15.584755999999999,,,https://www.epa.gov/air-emissions-inventories,,,"{""critical_to_it"": 0.85, ""n_generator_units"": 8, ""n_units_with_parsed_rating"": 1, ""nameplate_mw_mid"": 15.584755999999999, ""parsed_rated_kw_sum"": 884.756, ""per_unit_kw_prior"": {""high"": 2190.0, ""low"": 885.0, ""mid"": 2100.0, ""provenance"": ""median/IQR of 60 NEI 2020 CA data-center units whose nameplate parsed from free text""}, ""pue_mid"": 1.5, ""redundancy_ci"": [1.1, 2.0], ""redundancy_factor"": 1.3, ""utilization"": 0.7}"
digital-realty-sfo-200-paul-eb654d,B_generator,backup_generator_fleet,31.580769230769228,8.650875,38.92227272727272,290.47991538461537,1.5,23.0,48.3,,,https://www.epa.gov/air-emissions-inventories,,,"{""critical_to_it"": 0.85, ""n_generator_units"": 23, ""n_units_with_parsed_rating"": 0, ""nameplate_mw_mid"": 48.3, ""parsed_rated_kw_sum"": 0.0, ""per_unit_kw_prior"": {""high"": 2190.0, ""low"": 885.0, ""mid"": 2100.0, ""provenance"": ""median/IQR of 60 NEI 2020 CA data-center units whose nameplate parsed from free text""}, ""pue_mid"": 1.5, ""redundancy_ci"": [1.1, 2.0], ""redundancy_factor"": 1.3, ""utilization"": 0.7}"
digital-realty-sfo-365-main-bf6cb5,B_generator,backup_generator_fleet,13.73076923076923,3.7612499999999995,16.92272727272727,126.29561538461537,1.5,10.0,21.0,,,https://www.epa.gov/air-emissions-inventories,,,"{""critical_to_it"": 0.85, ""n_generator_units"": 10, ""n_units_with_parsed_rating"": 0, ""nameplate_mw_mid"": 21.0, ""parsed_rated_kw_sum"": 0.0, ""per_unit_kw_prior"": {""high"": 2190.0, ""low"": 885.0, ""mid"": 2100.0, ""provenance"": ""median/IQR of 60 NEI 2020 CA data-center units whose nameplate parsed from free text""}, ""pue_mid"": 1.5, ""redundancy_ci"": [1.1, 2.0], ""redundancy_factor"": 1.3, ""utilization"": 0.7}"
digital-realty-sjc-1100-space-park-ae8df5,B_generator,backup_generator_fleet,13.665384615384614,4.235125,16.77590909090909,125.69420769230769,1.5,10.0,20.9,,,https://www.epa.gov/air-emissions-inventories,,,"{""critical_to_it"": 0.85, ""n_generator_units"": 10, ""n_units_with_parsed_rating"": 1, ""nameplate_mw_mid"": 20.9, ""parsed_rated_kw_sum"": 2000.0, ""per_unit_kw_prior"": {""high"": 2190.0, ""low"": 885.0, ""mid"": 2100.0, ""provenance"": ""median/IQR of 60 NEI 2020 CA data-center units whose nameplate parsed from free text""}, ""pue_mid"": 1.5, ""redundancy_ci"": [1.1, 2.0], ""redundancy_factor"": 1.3, ""utilization"": 0.7}"
digital-realty-sjc-1525-comstock-st-4e8c03,B_generator,backup_generator_fleet,8.238461538461538,2.25675,10.153636363636362,75.77736923076922,1.5,6.0,12.6,,,https://www.epa.gov/air-emissions-inventories,,,"{""critical_to_it"": 0.85, ""n_generator_units"": 6, ""n_units_with_parsed_rating"": 0, ""nameplate_mw_mid"": 12.6, ""parsed_rated_kw_sum"": 0.0, ""per_unit_kw_prior"": {""high"": 2190.0, ""low"": 885.0, ""mid"": 2100.0, ""provenance"": ""median/IQR of 60 NEI 2020 CA data-center units whose nameplate parsed from free text""}, ""pue_mid"": 1.5, ""redundancy_ci"": [1.1, 2.0], ""redundancy_factor"": 1.3, ""utilization"": 0.7}"
digital-realty-sjc-1725-comstock-st-558a97,B_generator,backup_generator_fleet,6.865384615384615,1.8806249999999998,8.461363636363634,63.14780769230769,1.5,5.0,10.5,,,https://www.epa.gov/air-emissions-inventories,,,"{""critical_to_it"": 0.85, ""n_generator_units"": 5, ""n_units_with_parsed_rating"": 0, ""nameplate_mw_mid"": 10.5, ""parsed_rated_kw_sum"": 0.0, ""per_unit_kw_prior"": {""high"": 2190.0, ""low"": 885.0, ""mid"": 2100.0, ""provenance"": ""median/IQR of 60 NEI 2020 CA data-center units whose nameplate parsed from free text""}, ""pue_mid"": 1.5, ""redundancy_ci"": [1.1, 2.0], ""redundancy_factor"": 1.3, ""utilization"": 0.7}"
digital-realty-sjc-3105-alfred-st-2cbcfe,B_generator,backup_generator_fleet,17.849999999999998,4.8896250000000006,21.99954545454545,164.18429999999995,1.5,13.0,27.3,,,https://www.epa.gov/air-emissions-inventories,,,"{""critical_to_it"": 0.85, ""n_generator_units"": 13, ""n_units_with_parsed_rating"": 0, ""nameplate_mw_mid"": 27.3, ""parsed_rated_kw_sum"": 0.0, ""per_unit_kw_prior"": {""high"": 2190.0, ""low"": 885.0, ""mid"": 2100.0, ""provenance"": ""median/IQR of 60 NEI 2020 CA data-center units whose nameplate parsed from free text""}, ""pue_mid"": 1.5, ""redundancy_ci"": [1.1, 2.0], ""redundancy_factor"": 1.3, ""utilization"": 0.7}"
edgeconnex-santa-clara-edcsvc01-edcsvc02-2e885b,B_generator,backup_generator_fleet,6.865384615384615,1.8806249999999998,8.461363636363634,63.14780769230769,1.5,5.0,10.5,,,https://www.epa.gov/air-emissions-inventories,,,"{""critical_to_it"": 0.85, ""n_generator_units"": 5, ""n_units_with_parsed_rating"": 0, ""nameplate_mw_mid"": 10.5, ""parsed_rated_kw_sum"": 0.0, ""per_unit_kw_prior"": {""high"": 2190.0, ""low"": 885.0, ""mid"": 2100.0, ""provenance"": ""median/IQR of 60 NEI 2020 CA data-center units whose nameplate parsed from free text""}, ""pue_mid"": 1.5, ""redundancy_ci"": [1.1, 2.0], ""redundancy_factor"": 1.3, ""utilization"": 0.7}"
element-critical-8e18c0,B_generator,backup_generator_fleet,5.492307692307692,1.5045,6.769090909090909,48.83430461538461,1.45,4.0,8.4,,,https://www.epa.gov/air-emissions-inventories,,,"{""critical_to_it"": 0.85, ""n_generator_units"": 4, ""n_units_with_parsed_rating"": 0, ""nameplate_mw_mid"": 8.4, ""parsed_rated_kw_sum"": 0.0, ""per_unit_kw_prior"": {""high"": 2190.0, ""low"": 885.0, ""mid"": 2100.0, ""provenance"": ""median/IQR of 60 NEI 2020 CA data-center units whose nameplate parsed from free text""}, ""pue_mid"": 1.45, ""redundancy_ci"": [1.1, 2.0], ""redundancy_factor"": 1.3, ""utilization"": 0.7}"
equinix-sv1-sv5-sv10-silicon-valley-san-jose-645d8a,B_generator,backup_generator_fleet,28.834615384615383,7.898625,35.53772727272727,265.2207923076923,1.5,21.0,44.1,,,https://www.epa.gov/air-emissions-inventories,,,"{""critical_to_it"": 0.85, ""n_generator_units"": 21, ""n_units_with_parsed_rating"": 0, ""nameplate_mw_mid"": 44.1, ""parsed_rated_kw_sum"": 0.0, ""per_unit_kw_prior"": {""high"": 2190.0, ""low"": 885.0, ""mid"": 2100.0, ""provenance"": ""median/IQR of 60 NEI 2020 CA data-center units whose nameplate parsed from free text""}, ""pue_mid"": 1.5, ""redundancy_ci"": [1.1, 2.0], ""redundancy_factor"": 1.3, ""utilization"": 0.7}"
equinix-sv2-silicon-valley-santa-clara-46cae5,B_generator,backup_generator_fleet,12.357692307692306,3.385125,15.230454545454545,113.66605384615383,1.5,9.0,18.9,,,https://www.epa.gov/air-emissions-inventories,,,"{""critical_to_it"": 0.85, ""n_generator_units"": 9, ""n_units_with_parsed_rating"": 0, ""nameplate_mw_mid"": 18.9, ""parsed_rated_kw_sum"": 0.0, ""per_unit_kw_prior"": {""high"": 2190.0, ""low"": 885.0, ""mid"": 2100.0, ""provenance"": ""median/IQR of 60 NEI 2020 CA data-center units whose nameplate parsed from free text""}, ""pue_mid"": 1.5, ""redundancy_ci"": [1.1, 2.0], ""redundancy_factor"": 1.3, ""utilization"": 0.7}"
equinix-sv3-silicon-valley-san-jose-2a8623,B_generator,backup_generator_fleet,9.61153846153846,2.632875,11.84590909090909,88.40693076923075,1.5,7.0,14.7,,,https://www.epa.gov/air-emissions-inventories,,,"{""critical_to_it"": 0.85, ""n_generator_units"": 7, ""n_units_with_parsed_rating"": 0, ""nameplate_mw_mid"": 14.7, ""parsed_rated_kw_sum"": 0.0, ""per_unit_kw_prior"": {""high"": 2190.0, ""low"": 885.0, ""mid"": 2100.0, ""provenance"": ""median/IQR of 60 NEI 2020 CA data-center units whose nameplate parsed from free text""}, ""pue_mid"": 1.5, ""redundancy_ci"": [1.1, 2.0], ""redundancy_factor"": 1.3, ""utilization"": 0.7}"
equinix-sv4-silicon-valley-sunnyvale-2f8bbf,B_generator,backup_generator_fleet,6.865384615384615,1.8806249999999998,8.461363636363634,63.14780769230769,1.5,5.0,10.5,,,https://www.epa.gov/air-emissions-inventories,,,"{""critical_to_it"": 0.85, ""n_generator_units"": 5, ""n_units_with_parsed_rating"": 0, ""nameplate_mw_mid"": 10.5, ""parsed_rated_kw_sum"": 0.0, ""per_unit_kw_prior"": {""high"": 2190.0, ""low"": 885.0, ""mid"": 2100.0, ""provenance"": ""median/IQR of 60 NEI 2020 CA data-center units whose nameplate parsed from free text""}, ""pue_mid"": 1.5, ""redundancy_ci"": [1.1, 2.0], ""redundancy_factor"": 1.3, ""utilization"": 0.7}"
equinix-sv6-silicon-valley-sunnyvale-300fba,B_generator,backup_generator_fleet,5.492307692307692,1.5045,6.769090909090909,50.51824615384616,1.5,4.0,8.4,,,https://www.epa.gov/air-emissions-inventories,,,"{""critical_to_it"": 0.85, ""n_generator_units"": 4, ""n_units_with_parsed_rating"": 0, ""nameplate_mw_mid"": 8.4, ""parsed_rated_kw_sum"": 0.0, ""per_unit_kw_prior"": {""high"": 2190.0, ""low"": 885.0, ""mid"": 2100.0, ""provenance"": ""median/IQR of 60 NEI 2020 CA data-center units whose nameplate parsed from free text""}, ""pue_mid"": 1.5, ""redundancy_ci"": [1.1, 2.0], ""redundancy_factor"": 1.3, ""utilization"": 0.7}"
evocative-emeryville-em1-c94656,B_generator,backup_generator_fleet,1.373076923076923,0.376125,1.6922727272727272,12.208576153846153,1.45,1.0,2.1,,,https://www.epa.gov/air-emissions-inventories,,,"{""critical_to_it"": 0.85, ""n_generator_units"": 1, ""n_units_with_parsed_rating"": 0, ""nameplate_mw_mid"": 2.1, ""parsed_rated_kw_sum"": 0.0, ""per_unit_kw_prior"": {""high"": 2190.0, ""low"": 885.0, ""mid"": 2100.0, ""provenance"": ""median/IQR of 60 NEI 2020 CA data-center units whose nameplate parsed from free text""}, ""pue_mid"": 1.45, ""redundancy_ci"": [1.1, 2.0], ""redundancy_factor"": 1.3, ""utilization"": 0.7}"
facebook-inc-bf14e7,B_generator,backup_generator_fleet,8.238461538461538,2.25675,10.153636363636362,70.72554461538459,1.4,6.0,12.6,,,https://www.epa.gov/air-emissions-inventories,,,"{""critical_to_it"": 0.85, ""n_generator_units"": 6, ""n_units_with_parsed_rating"": 0, ""nameplate_mw_mid"": 12.6, ""parsed_rated_kw_sum"": 0.0, ""per_unit_kw_prior"": {""high"": 2190.0, ""low"": 885.0, ""mid"": 2100.0, ""provenance"": ""median/IQR of 60 NEI 2020 CA data-center units whose nameplate parsed from free text""}, ""pue_mid"": 1.4, ""redundancy_ci"": [1.1, 2.0], ""redundancy_factor"": 1.3, ""utilization"": 0.7}"
google-llc-032272,B_generator,backup_generator_fleet,39.006265923076924,10.895572849999999,48.045587,334.86099169643074,1.4,31.0,59.656642,,,https://www.epa.gov/air-emissions-inventories,,,"{""critical_to_it"": 0.85, ""n_generator_units"": 31, ""n_units_with_parsed_rating"": 3, ""nameplate_mw_mid"": 59.656642, ""parsed_rated_kw_sum"": 856.642, ""per_unit_kw_prior"": {""high"": 2190.0, ""low"": 885.0, ""mid"": 2100.0, ""provenance"": ""median/IQR of 60 NEI 2020 CA data-center units whose nameplate parsed from free text""}, ""pue_mid"": 1.4, ""redundancy_ci"": [1.1, 2.0], ""redundancy_factor"": 1.3, ""utilization"": 0.7}"
google-llc-489159,B_generator,backup_generator_fleet,16.084615384615386,4.774875,19.77409090909091,138.08320615384613,1.4,12.0,24.6,,,https://www.epa.gov/air-emissions-inventories,,,"{""critical_to_it"": 0.85, ""n_generator_units"": 12, ""n_units_with_parsed_rating"": 1, ""nameplate_mw_mid"": 24.6, ""parsed_rated_kw_sum"": 1500.0, ""per_unit_kw_prior"": {""high"": 2190.0, ""low"": 885.0, ""mid"": 2100.0, ""provenance"": ""median/IQR of 60 NEI 2020 CA data-center units whose nameplate parsed from free text""}, ""pue_mid"": 1.4, ""redundancy_ci"": [1.1, 2.0], ""redundancy_factor"": 1.3, ""utilization"": 0.7}"
google-llc-66600a,B_generator,backup_generator_fleet,3.9230769230769225,2.55,4.636363636363636,33.678830769230764,1.4,4.0,6.0,,,https://www.epa.gov/air-emissions-inventories,,,"{""critical_to_it"": 0.85, ""n_generator_units"": 4, ""n_units_with_parsed_rating"": 4, ""nameplate_mw_mid"": 6.0, ""parsed_rated_kw_sum"": 6000.0, ""per_unit_kw_prior"": {""high"": 2190.0, ""low"": 885.0, ""mid"": 2100.0, ""provenance"": ""median/IQR of 60 NEI 2020 CA data-center units whose nameplate parsed from free text""}, ""pue_mid"": 1.4, ""redundancy_ci"": [1.1, 2.0], ""redundancy_factor"": 1.3, ""utilization"": 0.7}"
hosting-com-4e37d5,B_generator,backup_generator_fleet,5.492307692307692,1.5045,6.769090909090909,48.83430461538461,1.45,4.0,8.4,,,https://www.epa.gov/air-emissions-inventories,,,"{""critical_to_it"": 0.85, ""n_generator_units"": 4, ""n_units_with_parsed_rating"": 0, ""nameplate_mw_mid"": 8.4, ""parsed_rated_kw_sum"": 0.0, ""per_unit_kw_prior"": {""high"": 2190.0, ""low"": 885.0, ""mid"": 2100.0, ""provenance"": ""median/IQR of 60 NEI 2020 CA data-center units whose nameplate parsed from free text""}, ""pue_mid"": 1.45, ""redundancy_ci"": [1.1, 2.0], ""redundancy_factor"": 1.3, ""utilization"": 0.7}"
jay-paul-company-2485a1,B_generator,backup_generator_fleet,6.865384615384615,1.8806249999999998,8.461363636363634,61.04288076923076,1.45,5.0,10.5,,,https://www.epa.gov/air-emissions-inventories,,,"{""critical_to_it"": 0.85, ""n_generator_units"": 5, ""n_units_with_parsed_rating"": 0, ""nameplate_mw_mid"": 10.5, ""parsed_rated_kw_sum"": 0.0, ""per_unit_kw_prior"": {""high"": 2190.0, ""low"": 885.0, ""mid"": 2100.0, ""provenance"": ""median/IQR of 60 NEI 2020 CA data-center units whose nameplate parsed from free text""}, ""pue_mid"": 1.45, ""redundancy_ci"": [1.1, 2.0], ""redundancy_factor"": 1.3, ""utilization"": 0.7}"
microsoft-corporation-05f6e3,B_generator,backup_generator_fleet,34.35846461538461,22.333001999999997,40.60545818181817,294.9605470301538,1.4,24.0,52.54823999999999,,,https://www.epa.gov/air-emissions-inventories,,,"{""critical_to_it"": 0.85, ""n_generator_units"": 24, ""n_units_with_parsed_rating"": 24, ""nameplate_mw_mid"": 52.54823999999999, ""parsed_rated_kw_sum"": 52548.23999999999, ""per_unit_kw_prior"": {""high"": 2190.0, ""low"": 885.0, ""mid"": 2100.0, ""provenance"": ""median/IQR of 60 NEI 2020 CA data-center units whose nameplate parsed from free text""}, ""pue_mid"": 1.4, ""redundancy_ci"": [1.1, 2.0], ""redundancy_factor"": 1.3, ""utilization"": 0.7}"
ntt-limited-b75b73,B_generator,backup_generator_fleet,8.238461538461538,2.25675,10.153636363636362,75.77736923076922,1.5,6.0,12.6,,,https://www.epa.gov/air-emissions-inventories,,,"{""critical_to_it"": 0.85, ""n_generator_units"": 6, ""n_units_with_parsed_rating"": 0, ""nameplate_mw_mid"": 12.6, ""parsed_rated_kw_sum"": 0.0, ""per_unit_kw_prior"": {""high"": 2190.0, ""low"": 885.0, ""mid"": 2100.0, ""provenance"": ""median/IQR of 60 NEI 2020 CA data-center units whose nameplate parsed from free text""}, ""pue_mid"": 1.5, ""redundancy_ci"": [1.1, 2.0], ""redundancy_factor"": 1.3, ""utilization"": 0.7}"
qts-santa-clara-sjc1-sjc2-10d6f1,B_generator,backup_generator_fleet,15.103846153846154,4.137375,18.615,134.2943376923077,1.45,11.0,23.1,,,https://www.epa.gov/air-emissions-inventories,,,"{""critical_to_it"": 0.85, ""n_generator_units"": 11, ""n_units_with_parsed_rating"": 0, ""nameplate_mw_mid"": 23.1, ""parsed_rated_kw_sum"": 0.0, ""per_unit_kw_prior"": {""high"": 2190.0, ""low"": 885.0, ""mid"": 2100.0, ""provenance"": ""median/IQR of 60 NEI 2020 CA data-center units whose nameplate parsed from free text""}, ""pue_mid"": 1.45, ""redundancy_ci"": [1.1, 2.0], ""redundancy_factor"": 1.3, ""utilization"": 0.7}"
ragingwire-ca1-ntt-d9aa42,B_generator,backup_generator_fleet,54.92307692307692,15.044999999999998,67.69090909090907,505.1824615384615,1.5,40.0,84.0,,,https://www.epa.gov/air-emissions-inventories,,,"{""critical_to_it"": 0.85, ""n_generator_units"": 40, ""n_units_with_parsed_rating"": 0, ""nameplate_mw_mid"": 84.0, ""parsed_rated_kw_sum"": 0.0, ""per_unit_kw_prior"": {""high"": 2190.0, ""low"": 885.0, ""mid"": 2100.0, ""provenance"": ""median/IQR of 60 NEI 2020 CA data-center units whose nameplate parsed from free text""}, ""pue_mid"": 1.5, ""redundancy_ci"": [1.1, 2.0], ""redundancy_factor"": 1.3, ""utilization"": 0.7}"
stack-infrastructure-silicon-valley-svy01-081940,B_generator,backup_generator_fleet,13.73076923076923,3.7612499999999995,16.92272727272727,122.08576153846153,1.45,10.0,21.0,,,https://www.epa.gov/air-emissions-inventories,,,"{""critical_to_it"": 0.85, ""n_generator_units"": 10, ""n_units_with_parsed_rating"": 0, ""nameplate_mw_mid"": 21.0, ""parsed_rated_kw_sum"": 0.0, ""per_unit_kw_prior"": {""high"": 2190.0, ""low"": 885.0, ""mid"": 2100.0, ""provenance"": ""median/IQR of 60 NEI 2020 CA data-center units whose nameplate parsed from free text""}, ""pue_mid"": 1.45, ""redundancy_ci"": [1.1, 2.0], ""redundancy_factor"": 1.3, ""utilization"": 0.7}"
vantage-data-centers-management-o-d174e9,B_generator,backup_generator_fleet,23.342307692307692,6.394125,28.768636363636354,207.5457946153846,1.45,17.0,35.7,,,https://www.epa.gov/air-emissions-inventories,,,"{""critical_to_it"": 0.85, ""n_generator_units"": 17, ""n_units_with_parsed_rating"": 0, ""nameplate_mw_mid"": 35.7, ""parsed_rated_kw_sum"": 0.0, ""per_unit_kw_prior"": {""high"": 2190.0, ""low"": 885.0, ""mid"": 2100.0, ""provenance"": ""median/IQR of 60 NEI 2020 CA data-center units whose nameplate parsed from free text""}, ""pue_mid"": 1.45, ""redundancy_ci"": [1.1, 2.0], ""redundancy_factor"": 1.3, ""utilization"": 0.7}"
vantage-data-centers-santa-clara-38fc1d,B_generator,backup_generator_fleet,56.29615384615384,15.421124999999998,69.38318181818181,500.55162230769224,1.45,41.0,86.1,,,https://www.epa.gov/air-emissions-inventories,,,"{""critical_to_it"": 0.85, ""n_generator_units"": 41, ""n_units_with_parsed_rating"": 0, ""nameplate_mw_mid"": 86.1, ""parsed_rated_kw_sum"": 0.0, ""per_unit_kw_prior"": {""high"": 2190.0, ""low"": 885.0, ""mid"": 2100.0, ""provenance"": ""median/IQR of 60 NEI 2020 CA data-center units whose nameplate parsed from free text""}, ""pue_mid"": 1.45, ""redundancy_ci"": [1.1, 2.0], ""redundancy_factor"": 1.3, ""utilization"": 0.7}"
vdc-v-2c6883,B_generator,backup_generator_fleet,23.342307692307692,6.394125,28.768636363636354,207.5457946153846,1.45,17.0,35.7,,,https://www.epa.gov/air-emissions-inventories,,,"{""critical_to_it"": 0.85, ""n_generator_units"": 17, ""n_units_with_parsed_rating"": 0, ""nameplate_mw_mid"": 35.7, ""parsed_rated_kw_sum"": 0.0, ""per_unit_kw_prior"": {""high"": 2190.0, ""low"": 885.0, ""mid"": 2100.0, ""provenance"": ""median/IQR of 60 NEI 2020 CA data-center units whose nameplate parsed from free text""}, ""pue_mid"": 1.45, ""redundancy_ci"": [1.1, 2.0], ""redundancy_factor"": 1.3, ""utilization"": 0.7}"
vxchnge-ca-llc-ce6be0,B_generator,backup_generator_fleet,10.984615384615385,3.009,13.538181818181817,97.66860923076922,1.45,8.0,16.8,,,https://www.epa.gov/air-emissions-inventories,,,"{""critical_to_it"": 0.85, ""n_generator_units"": 8, ""n_units_with_parsed_rating"": 0, ""nameplate_mw_mid"": 16.8, ""parsed_rated_kw_sum"": 0.0, ""per_unit_kw_prior"": {""high"": 2190.0, ""low"": 885.0, ""mid"": 2100.0, ""provenance"": ""median/IQR of 60 NEI 2020 CA data-center units whose nameplate parsed from free text""}, ""pue_mid"": 1.45, ""redundancy_ci"": [1.1, 2.0], ""redundancy_factor"": 1.3, ""utilization"": 0.7}"
xeres-ventures-lp-sc1-e03279,B_generator,backup_generator_fleet,60.41538461538462,16.5495,74.46,537.1773507692308,1.45,44.0,92.4,,,https://www.epa.gov/air-emissions-inventories,,,"{""critical_to_it"": 0.85, ""n_generator_units"": 44, ""n_units_with_parsed_rating"": 0, ""nameplate_mw_mid"": 92.4, ""parsed_rated_kw_sum"": 0.0, ""per_unit_kw_prior"": {""high"": 2190.0, ""low"": 885.0, ""mid"": 2100.0, ""provenance"": ""median/IQR of 60 NEI 2020 CA data-center units whose nameplate parsed from free text""}, ""pue_mid"": 1.45, ""redundancy_ci"": [1.1, 2.0], ""redundancy_factor"": 1.3, ""utilization"": 0.7}"
stack-infrastructure-95e336,C_area,floor_area_density,13.607210509479156,6.803605254739578,23.326646587678553,120.98715152398294,1.45,,,False,,,,,"{""est_gross_sqft"": 107993.73420221552, ""est_gross_sqft_min"": 107993.73420221552, ""facility_class"": ""wholesale"", ""note"": ""Modelled from OSM building footprint. Not a measurement of consumption."", ""partial_occupancy"": false, ""pue"": {""high"": 1.65, ""low"": 1.32, ""mid"": 1.45}, ""storeys_credited_max"": 3, ""utilization"": 0.7, ""utilization_ci"": [0.55, 0.85], ""vintage_used"": 2012, ""w_per_sqft"": {""high"": 300.0, ""low"": 140.0, ""mid"": 210.0}, ""white_space_fraction"": 0.6, ""white_space_fraction_ci"": [0.45, 0.72]}"
lightedge-san-diego-1-san1-443e9e,C_area,floor_area_density,9.52772072144855,4.513130868054577,16.247271124996477,87.63597519588374,1.5,,,False,,,,,"{""est_gross_sqft"": 83576.49755656623, ""est_gross_sqft_min"": 83576.49755656623, ""facility_class"": ""colocation"", ""note"": ""Modelled from OSM building footprint. Not a measurement of consumption."", ""partial_occupancy"": false, ""pue"": {""high"": 1.75, ""low"": 1.35, ""mid"": 1.5}, ""storeys_credited_max"": 3, ""utilization"": 0.7, ""utilization_ci"": [0.55, 0.85], ""vintage_used"": 2012, ""w_per_sqft"": {""high"": 270.0, ""low"": 120.0, ""mid"": 190.0}, ""white_space_fraction"": 0.6, ""white_space_fraction_ci"": [0.45, 0.72]}"
edgeconnex-san-diego-edcsdg01-a2b1c3,C_area,floor_area_density,4.4693662012669835,2.1170682006001504,7.621445522160541,41.109230319253705,1.5,,,False,,,,,"{""est_gross_sqft"": 39204.96667778056, ""est_gross_sqft_min"": 39204.96667778056, ""facility_class"": ""colocation"", ""note"": ""Modelled from OSM building footprint. Not a measurement of consumption."", ""partial_occupancy"": false, ""pue"": {""high"": 1.75, ""low"": 1.35, ""mid"": 1.5}, ""storeys_credited_max"": 3, ""utilization"": 0.7, ""utilization_ci"": [0.55, 0.85], ""vintage_used"": 2012, ""w_per_sqft"": {""high"": 270.0, ""low"": 120.0, ""mid"": 190.0}, ""white_space_fraction"": 0.6, ""white_space_fraction_ci"": [0.45, 0.72]}"
ragingwire-ca2-ntt-cfea56,C_area,floor_area_density,23.336066699298225,11.05392633124653,39.794134792487505,214.64514150014506,1.5,,,False,,,,,"{""est_gross_sqft"": 204702.3394675283, ""est_gross_sqft_min"": 204702.3394675283, ""facility_class"": ""colocation"", ""note"": ""Modelled from OSM building footprint. Not a measurement of consumption."", ""partial_occupancy"": false, ""pue"": {""high"": 1.75, ""low"": 1.35, ""mid"": 1.5}, ""storeys_credited_max"": 3, ""utilization"": 0.7, ""utilization_ci"": [0.55, 0.85], ""vintage_used"": 2012, ""w_per_sqft"": {""high"": 270.0, ""low"": 120.0, ""mid"": 190.0}, ""white_space_fraction"": 0.6, ""white_space_fraction_ci"": [0.45, 0.72]}"
ragingwire-ca1-ntt-d9aa42,C_area,floor_area_density,21.922534039809914,10.384358229383643,37.38368962578111,201.64346809817155,1.5,,,False,,,,,"{""est_gross_sqft"": 192302.93017377116, ""est_gross_sqft_min"": 192302.93017377116, ""facility_class"": ""colocation"", ""note"": ""Modelled from OSM building footprint. Not a measurement of consumption."", ""partial_occupancy"": false, ""pue"": {""high"": 1.75, ""low"": 1.35, ""mid"": 1.5}, ""storeys_credited_max"": 3, ""utilization"": 0.7, ""utilization_ci"": [0.55, 0.85], ""vintage_used"": 2012, ""w_per_sqft"": {""high"": 270.0, ""low"": 120.0, ""mid"": 190.0}, ""white_space_fraction"": 0.6, ""white_space_fraction_ci"": [0.45, 0.72]}"
equinix-sv1-sv5-sv10-silicon-valley-san-jose-645d8a,C_area,floor_area_density,15.39262856024252,7.2912451074833,26.248482386939873,141.5813974971107,1.5,,,False,,,,,"{""est_gross_sqft"": 135023.05754598702, ""est_gross_sqft_min"": 135023.05754598702, ""facility_class"": ""colocation"", ""note"": ""Modelled from OSM building footprint. Not a measurement of consumption."", ""partial_occupancy"": false, ""pue"": {""high"": 1.75, ""low"": 1.35, ""mid"": 1.5}, ""storeys_credited_max"": 3, ""utilization"": 0.7, ""utilization_ci"": [0.55, 0.85], ""vintage_used"": 2012, ""w_per_sqft"": {""high"": 270.0, ""low"": 120.0, ""mid"": 190.0}, ""white_space_fraction"": 0.6, ""white_space_fraction_ci"": [0.45, 0.72]}"
opencolo-462b97,C_area,floor_area_density,7.463749684994525,3.5354603771026696,13.199052074516633,66.36318394916032,1.45,,,False,,,,,"{""est_gross_sqft"": 65471.488464864255, ""est_gross_sqft_min"": 65471.488464864255, ""facility_class"": ""unknown"", ""note"": ""Modelled from OSM building footprint. Not a measurement of consumption."", ""partial_occupancy"": false, ""pue"": {""high"": 1.68, ""low"": 1.28, ""mid"": 1.45}, ""storeys_credited_max"": 3, ""utilization"": 0.7, ""utilization_ci"": [0.55, 0.85], ""vintage_used"": 2012, ""w_per_sqft"": {""high"": 280.0, ""low"": 120.0, ""mid"": 190.0}, ""white_space_fraction"": 0.6, ""white_space_fraction_ci"": [0.45, 0.72]}"
equinix-sv2-silicon-valley-santa-clara-46cae5,C_area,floor_area_density,9.24610694884453,4.379734870505303,15.767045533819092,85.04569171547199,1.5,,,False,,,,,"{""est_gross_sqft"": 81106.20130565377, ""est_gross_sqft_min"": 81106.20130565377, ""facility_class"": ""colocation"", ""note"": ""Modelled from OSM building footprint. Not a measurement of consumption."", ""partial_occupancy"": false, ""pue"": {""high"": 1.75, ""low"": 1.35, ""mid"": 1.5}, ""storeys_credited_max"": 3, ""utilization"": 0.7, ""utilization_ci"": [0.55, 0.85], ""vintage_used"": 2012, ""w_per_sqft"": {""high"": 270.0, ""low"": 120.0, ""mid"": 190.0}, ""white_space_fraction"": 0.6, ""white_space_fraction_ci"": [0.45, 0.72]}"
layer42-santa-clara-accd81,C_area,floor_area_density,2.8536022046923493,1.3517063074858495,4.866142706949059,26.247433078760228,1.5,,,False,,,,,"{""est_gross_sqft"": 25031.598286774995, ""est_gross_sqft_min"": 25031.598286774995, ""facility_class"": ""colocation"", ""note"": ""Modelled from OSM building footprint. Not a measurement of consumption."", ""partial_occupancy"": false, ""pue"": {""high"": 1.75, ""low"": 1.35, ""mid"": 1.5}, ""storeys_credited_max"": 3, ""utilization"": 0.7, ""utilization_ci"": [0.55, 0.85], ""vintage_used"": 2012, ""w_per_sqft"": {""high"": 270.0, ""low"": 120.0, ""mid"": 190.0}, ""white_space_fraction"": 0.6, ""white_space_fraction_ci"": [0.45, 0.72]}"
digital-realty-sjc-2820-nw-pkwy-d8d87b,C_area,floor_area_density,14.733641896869651,6.97909353009615,25.12473670834614,135.52003816740705,1.5,,,False,,,,,"{""est_gross_sqft"": 129242.47277955833, ""est_gross_sqft_min"": 129242.47277955833, ""facility_class"": ""colocation"", ""note"": ""Modelled from OSM building footprint. Not a measurement of consumption."", ""partial_occupancy"": false, ""pue"": {""high"": 1.75, ""low"": 1.35, ""mid"": 1.5}, ""storeys_credited_max"": 3, ""utilization"": 0.7, ""utilization_ci"": [0.55, 0.85], ""vintage_used"": 2012, ""w_per_sqft"": {""high"": 270.0, ""low"": 120.0, ""mid"": 190.0}, ""white_space_fraction"": 0.6, ""white_space_fraction_ci"": [0.45, 0.72]}"
centersquare-silicon-valley-sfo1-15b92e,C_area,floor_area_density,10.510055953752397,4.978447557040609,17.92241120534619,96.67149466261453,1.5,,,False,,,,,"{""est_gross_sqft"": 92193.4732785298, ""est_gross_sqft_min"": 92193.4732785298, ""facility_class"": ""colocation"", ""note"": ""Modelled from OSM building footprint. Not a measurement of consumption."", ""partial_occupancy"": false, ""pue"": {""high"": 1.75, ""low"": 1.35, ""mid"": 1.5}, ""storeys_credited_max"": 3, ""utilization"": 0.7, ""utilization_ci"": [0.55, 0.85], ""vintage_used"": 2012, ""w_per_sqft"": {""high"": 270.0, ""low"": 120.0, ""mid"": 190.0}, ""white_space_fraction"": 0.6, ""white_space_fraction_ci"": [0.45, 0.72]}"
vantage-data-centers-santa-clara-38fc1d,C_area,floor_area_density,11.250995152739923,5.625497576369962,19.28742026183987,100.03709830107174,1.45,,,False,,,,,"{""est_gross_sqft"": 89293.61232333274, ""est_gross_sqft_min"": 89293.61232333274, ""facility_class"": ""wholesale"", ""note"": ""Modelled from OSM building footprint. Not a measurement of consumption."", ""partial_occupancy"": false, ""pue"": {""high"": 1.65, ""low"": 1.32, ""mid"": 1.45}, ""storeys_credited_max"": 3, ""utilization"": 0.7, ""utilization_ci"": [0.55, 0.85], ""vintage_used"": 2012, ""w_per_sqft"": {""high"": 300.0, ""low"": 140.0, ""mid"": 210.0}, ""white_space_fraction"": 0.6, ""white_space_fraction_ci"": [0.45, 0.72]}"
cologix-sv1-e30f9a,C_area,floor_area_density,9.19822873107172,4.357055714718183,15.68540057298546,84.60530786839767,1.5,,,False,,,,,"{""est_gross_sqft"": 80686.21693922562, ""est_gross_sqft_min"": 80686.21693922562, ""facility_class"": ""colocation"", ""note"": ""Modelled from OSM building footprint. Not a measurement of consumption."", ""partial_occupancy"": false, ""pue"": {""high"": 1.75, ""low"": 1.35, ""mid"": 1.5}, ""storeys_credited_max"": 3, ""utilization"": 0.7, ""utilization_ci"": [0.55, 0.85], ""vintage_used"": 2012, ""w_per_sqft"": {""high"": 270.0, ""low"": 120.0, ""mid"": 190.0}, ""white_space_fraction"": 0.6, ""white_space_fraction_ci"": [0.45, 0.72]}"
csquare-sfo2-520ea6,C_area,floor_area_density,16.6551885967891,7.8892998616369425,28.401479501892993,153.1944247132661,1.5,,,False,,,,,"{""est_gross_sqft"": 146098.1455858693, ""est_gross_sqft_min"": 146098.1455858693, ""facility_class"": ""colocation"", ""note"": ""Modelled from OSM building footprint. Not a measurement of consumption."", ""partial_occupancy"": false, ""pue"": {""high"": 1.75, ""low"": 1.35, ""mid"": 1.5}, ""storeys_credited_max"": 3, ""utilization"": 0.7, ""utilization_ci"": [0.55, 0.85], ""vintage_used"": 2012, ""w_per_sqft"": {""high"": 270.0, ""low"": 120.0, ""mid"": 190.0}, ""white_space_fraction"": 0.6, ""white_space_fraction_ci"": [0.45, 0.72]}"
centersquare-silicon-valley-sfo2-6e3231,C_area,floor_area_density,13.189014470660073,6.247427907154773,22.49074046575718,121.31255510113135,1.5,,,False,,,,,"{""est_gross_sqft"": 115693.10939175505, ""est_gross_sqft_min"": 115693.10939175505, ""facility_class"": ""colocation"", ""note"": ""Modelled from OSM building footprint. Not a measurement of consumption."", ""partial_occupancy"": false, ""pue"": {""high"": 1.75, ""low"": 1.35, ""mid"": 1.5}, ""storeys_credited_max"": 3, ""utilization"": 0.7, ""utilization_ci"": [0.55, 0.85], ""vintage_used"": 2012, ""w_per_sqft"": {""high"": 270.0, ""low"": 120.0, ""mid"": 190.0}, ""white_space_fraction"": 0.6, ""white_space_fraction_ci"": [0.45, 0.72]}"
qts-santa-clara-1-2b7f00,C_area,floor_area_density,4.637824177291592,2.3189120886457966,7.950555732499875,41.23674988997047,1.45,,,False,,,,,"{""est_gross_sqft"": 36808.12839120312, ""est_gross_sqft_min"": 36808.12839120312, ""facility_class"": ""wholesale"", ""note"": ""Modelled from OSM building footprint. Not a measurement of consumption."", ""partial_occupancy"": false, ""pue"": {""high"": 1.65, ""low"": 1.32, ""mid"": 1.45}, ""storeys_credited_max"": 3, ""utilization"": 0.7, ""utilization_ci"": [0.55, 0.85], ""vintage_used"": 2012, ""w_per_sqft"": {""high"": 300.0, ""low"": 140.0, ""mid"": 210.0}, ""white_space_fraction"": 0.6, ""white_space_fraction_ci"": [0.45, 0.72]}"
coresite-santa-clara-sv3-ca6c12,C_area,floor_area_density,6.590331559597564,3.121736001914636,11.238249606892689,60.617869685178384,1.5,,,False,,,,,"{""est_gross_sqft"": 57809.92596138214, ""est_gross_sqft_min"": 57809.92596138214, ""facility_class"": ""colocation"", ""note"": ""Modelled from OSM building footprint. Not a measurement of consumption."", ""partial_occupancy"": false, ""pue"": {""high"": 1.75, ""low"": 1.35, ""mid"": 1.5}, ""storeys_credited_max"": 3, ""utilization"": 0.7, ""utilization_ci"": [0.55, 0.85], ""vintage_used"": 2012, ""w_per_sqft"": {""high"": 270.0, ""low"": 120.0, ""mid"": 190.0}, ""white_space_fraction"": 0.6, ""white_space_fraction_ci"": [0.45, 0.72]}"
coresite-sv6-583ee0,C_area,floor_area_density,6.961522097645985,3.29756309888494,11.871227155985784,64.03208025414776,1.5,,,False,,,,,"{""est_gross_sqft"": 61065.983312684075, ""est_gross_sqft_min"": 61065.983312684075, ""facility_class"": ""colocation"", ""note"": ""Modelled from OSM building footprint. Not a measurement of consumption."", ""partial_occupancy"": false, ""pue"": {""high"": 1.75, ""low"": 1.35, ""mid"": 1.5}, ""storeys_credited_max"": 3, ""utilization"": 0.7, ""utilization_ci"": [0.55, 0.85], ""vintage_used"": 2012, ""w_per_sqft"": {""high"": 270.0, ""low"": 120.0, ""mid"": 190.0}, ""white_space_fraction"": 0.6, ""white_space_fraction_ci"": [0.45, 0.72]}"
coresite-santa-clara-sv8-a64bb0,C_area,floor_area_density,4.743532718940221,2.246936551076946,8.088971583877008,43.63101394881215,1.5,,,False,,,,,"{""est_gross_sqft"": 41609.936131054565, ""est_gross_sqft_min"": 41609.936131054565, ""facility_class"": ""colocation"", ""note"": ""Modelled from OSM building footprint. Not a measurement of consumption."", ""partial_occupancy"": false, ""pue"": {""high"": 1.75, ""low"": 1.35, ""mid"": 1.5}, ""storeys_credited_max"": 3, ""utilization"": 0.7, ""utilization_ci"": [0.55, 0.85], ""vintage_used"": 2012, ""w_per_sqft"": {""high"": 270.0, ""low"": 120.0, ""mid"": 190.0}, ""white_space_fraction"": 0.6, ""white_space_fraction_ci"": [0.45, 0.72]}"
coresite-sv5-8f88a5,C_area,floor_area_density,5.797682362207883,2.7462705926247866,9.886574133449232,53.32708236758811,1.5,,,False,,,,,"{""est_gross_sqft"": 50856.86282638494, ""est_gross_sqft_min"": 50856.86282638494, ""facility_class"": ""colocation"", ""note"": ""Modelled from OSM building footprint. Not a measurement of consumption."", ""partial_occupancy"": false, ""pue"": {""high"": 1.75, ""low"": 1.35, ""mid"": 1.5}, ""storeys_credited_max"": 3, ""utilization"": 0.7, ""utilization_ci"": [0.55, 0.85], ""vintage_used"": 2012, ""w_per_sqft"": {""high"": 270.0, ""low"": 120.0, ""mid"": 190.0}, ""white_space_fraction"": 0.6, ""white_space_fraction_ci"": [0.45, 0.72]}"
coresite-santa-clara-sv9-48fc54,C_area,floor_area_density,6.8859977398066725,3.261788403066319,11.742438251038747,63.337407210741766,1.5,,,False,,,,,"{""est_gross_sqft"": 60403.48894567257, ""est_gross_sqft_min"": 60403.48894567257, ""facility_class"": ""colocation"", ""note"": ""Modelled from OSM building footprint. Not a measurement of consumption."", ""partial_occupancy"": false, ""pue"": {""high"": 1.75, ""low"": 1.35, ""mid"": 1.5}, ""storeys_credited_max"": 3, ""utilization"": 0.7, ""utilization_ci"": [0.55, 0.85], ""vintage_used"": 2012, ""w_per_sqft"": {""high"": 270.0, ""low"": 120.0, ""mid"": 190.0}, ""white_space_fraction"": 0.6, ""white_space_fraction_ci"": [0.45, 0.72]}"
equinix-sv4-silicon-valley-sunnyvale-2f8bbf,C_area,floor_area_density,13.950111091670774,6.607947359212472,23.788610493164896,128.31312182118776,1.5,,,False,,,,,"{""est_gross_sqft"": 122369.3955409717, ""est_gross_sqft_min"": 122369.3955409717, ""facility_class"": ""colocation"", ""note"": ""Modelled from OSM building footprint. Not a measurement of consumption."", ""partial_occupancy"": false, ""pue"": {""high"": 1.75, ""low"": 1.35, ""mid"": 1.5}, ""storeys_credited_max"": 3, ""utilization"": 0.7, ""utilization_ci"": [0.55, 0.85], ""vintage_used"": 2012, ""w_per_sqft"": {""high"": 270.0, ""low"": 120.0, ""mid"": 190.0}, ""white_space_fraction"": 0.6, ""white_space_fraction_ci"": [0.45, 0.72]}"
equinix-sv8-silicon-valley-palo-alto-895455,C_area,floor_area_density,1.3719770176304216,0.6498838504565155,2.339581861643456,12.619444608164617,1.5,,,False,,,,,"{""est_gross_sqft"": 12034.886119565102, ""est_gross_sqft_min"": 12034.886119565102, ""facility_class"": ""colocation"", ""note"": ""Modelled from OSM building footprint. Not a measurement of consumption."", ""partial_occupancy"": false, ""pue"": {""high"": 1.75, ""low"": 1.35, ""mid"": 1.5}, ""storeys_credited_max"": 3, ""utilization"": 0.7, ""utilization_ci"": [0.55, 0.85], ""vintage_used"": 2012, ""w_per_sqft"": {""high"": 270.0, ""low"": 120.0, ""mid"": 190.0}, ""white_space_fraction"": 0.6, ""white_space_fraction_ci"": [0.45, 0.72]}"
equinix-sv5-c172a1,C_area,floor_area_density,18.95981591838126,8.9809654350227,32.33147556608172,174.3923868172708,1.5,,,False,,,,,"{""est_gross_sqft"": 166314.1747226426, ""est_gross_sqft_min"": 166314.1747226426, ""facility_class"": ""colocation"", ""note"": ""Modelled from OSM building footprint. Not a measurement of consumption."", ""partial_occupancy"": false, ""pue"": {""high"": 1.75, ""low"": 1.35, ""mid"": 1.5}, ""storeys_credited_max"": 3, ""utilization"": 0.7, ""utilization_ci"": [0.55, 0.85], ""vintage_used"": 2012, ""w_per_sqft"": {""high"": 270.0, ""low"": 120.0, ""mid"": 190.0}, ""white_space_fraction"": 0.6, ""white_space_fraction_ci"": [0.45, 0.72]}"
ragingwire-ca3-ntt-027a48,C_area,floor_area_density,17.25580684582155,8.173803242757575,29.42569167392727,158.71891136786658,1.5,,,False,,,,,"{""est_gross_sqft"": 151366.72671773288, ""est_gross_sqft_min"": 151366.72671773288, ""facility_class"": ""colocation"", ""note"": ""Modelled from OSM building footprint. Not a measurement of consumption."", ""partial_occupancy"": false, ""pue"": {""high"": 1.75, ""low"": 1.35, ""mid"": 1.5}, ""storeys_credited_max"": 3, ""utilization"": 0.7, ""utilization_ci"": [0.55, 0.85], ""vintage_used"": 2012, ""w_per_sqft"": {""high"": 270.0, ""low"": 120.0, ""mid"": 190.0}, ""white_space_fraction"": 0.6, ""white_space_fraction_ci"": [0.45, 0.72]}"
360-spear-961d6b,C_area,floor_area_density,3.944398058362507,1.8683990802769772,6.726236688997117,36.280573340818336,1.5,,,False,,,,,"{""est_gross_sqft"": 34599.98296809217, ""est_gross_sqft_min"": 34599.98296809217, ""facility_class"": ""colocation"", ""note"": ""Modelled from OSM building footprint. Not a measurement of consumption."", ""partial_occupancy"": false, ""pue"": {""high"": 1.75, ""low"": 1.35, ""mid"": 1.5}, ""storeys_credited_max"": 3, ""utilization"": 0.7, ""utilization_ci"": [0.55, 0.85], ""vintage_used"": 2012, ""w_per_sqft"": {""high"": 270.0, ""low"": 120.0, ""mid"": 190.0}, ""white_space_fraction"": 0.6, ""white_space_fraction_ci"": [0.45, 0.72]}"
qts-sacramento-sac1-fcf61f,C_area,floor_area_density,11.364752331505592,5.682376165752796,19.4824325682953,101.0485588803488,1.45,,,False,,,,,"{""est_gross_sqft"": 90196.44707544122, ""est_gross_sqft_min"": 90196.44707544122, ""facility_class"": ""wholesale"", ""note"": ""Modelled from OSM building footprint. Not a measurement of consumption."", ""partial_occupancy"": false, ""pue"": {""high"": 1.65, ""low"": 1.32, ""mid"": 1.45}, ""storeys_credited_max"": 3, ""utilization"": 0.7, ""utilization_ci"": [0.55, 0.85], ""vintage_used"": 2012, ""w_per_sqft"": {""high"": 300.0, ""low"": 140.0, ""mid"": 210.0}, ""white_space_fraction"": 0.6, ""white_space_fraction_ci"": [0.45, 0.72]}"
equinix-sv15-34f355,C_area,floor_area_density,4.3561638968838,2.0634460564186425,7.428405803107112,40.067995523537185,1.5,,,False,,,,,"{""est_gross_sqft"": 38211.964007752635, ""est_gross_sqft_min"": 38211.964007752635, ""facility_class"": ""colocation"", ""note"": ""Modelled from OSM building footprint. Not a measurement of consumption."", ""partial_occupancy"": false, ""pue"": {""high"": 1.75, ""low"": 1.35, ""mid"": 1.5}, ""storeys_credited_max"": 3, ""utilization"": 0.7, ""utilization_ci"": [0.55, 0.85], ""vintage_used"": 2012, ""w_per_sqft"": {""high"": 270.0, ""low"": 120.0, ""mid"": 190.0}, ""white_space_fraction"": 0.6, ""white_space_fraction_ci"": [0.45, 0.72]}"
equinix-sv16-4fee5c,C_area,floor_area_density,3.0036621825215897,1.42278734961549,5.122034458615763,27.627684754833584,1.5,,,False,,,,,"{""est_gross_sqft"": 26347.91388176833, ""est_gross_sqft_min"": 26347.91388176833, ""facility_class"": ""colocation"", ""note"": ""Modelled from OSM building footprint. Not a measurement of consumption."", ""partial_occupancy"": false, ""pue"": {""high"": 1.75, ""low"": 1.35, ""mid"": 1.5}, ""storeys_credited_max"": 3, ""utilization"": 0.7, ""utilization_ci"": [0.55, 0.85], ""vintage_used"": 2012, ""w_per_sqft"": {""high"": 270.0, ""low"": 120.0, ""mid"": 190.0}, ""white_space_fraction"": 0.6, ""white_space_fraction_ci"": [0.45, 0.72]}"
equinix-sv17-3b6e78,C_area,floor_area_density,4.82911635473352,2.287476168031668,8.234914204914002,44.41821223083892,1.5,,,False,,,,,"{""est_gross_sqft"": 42360.669778364216, ""est_gross_sqft_min"": 42360.669778364216, ""facility_class"": ""colocation"", ""note"": ""Modelled from OSM building footprint. Not a measurement of consumption."", ""partial_occupancy"": false, ""pue"": {""high"": 1.75, ""low"": 1.35, ""mid"": 1.5}, ""storeys_credited_max"": 3, ""utilization"": 0.7, ""utilization_ci"": [0.55, 0.85], ""vintage_used"": 2012, ""w_per_sqft"": {""high"": 270.0, ""low"": 120.0, ""mid"": 190.0}, ""white_space_fraction"": 0.6, ""white_space_fraction_ci"": [0.45, 0.72]}"
equinix-sv14-58daf0,C_area,floor_area_density,2.3042960165018522,1.0915086393956142,3.9294311018242114,21.194914759784034,1.5,,,False,,,,,"{""est_gross_sqft"": 20213.122951770634, ""est_gross_sqft_min"": 20213.122951770634, ""facility_class"": ""colocation"", ""note"": ""Modelled from OSM building footprint. Not a measurement of consumption."", ""partial_occupancy"": false, ""pue"": {""high"": 1.75, ""low"": 1.35, ""mid"": 1.5}, ""storeys_credited_max"": 3, ""utilization"": 0.7, ""utilization_ci"": [0.55, 0.85], ""vintage_used"": 2012, ""w_per_sqft"": {""high"": 270.0, ""low"": 120.0, ""mid"": 190.0}, ""white_space_fraction"": 0.6, ""white_space_fraction_ci"": [0.45, 0.72]}"
coresite-santa-clara-sv4-811c68,C_area,floor_area_density,5.9198260176691635,2.804128113632762,10.09486120907794,54.45055971052097,1.5,,,False,,,,,"{""est_gross_sqft"": 51928.2984006067, ""est_gross_sqft_min"": 51928.2984006067, ""facility_class"": ""colocation"", ""note"": ""Modelled from OSM building footprint. Not a measurement of consumption."", ""partial_occupancy"": false, ""pue"": {""high"": 1.75, ""low"": 1.35, ""mid"": 1.5}, ""storeys_credited_max"": 3, ""utilization"": 0.7, ""utilization_ci"": [0.55, 0.85], ""vintage_used"": 2012, ""w_per_sqft"": {""high"": 270.0, ""low"": 120.0, ""mid"": 190.0}, ""white_space_fraction"": 0.6, ""white_space_fraction_ci"": [0.45, 0.72]}"
prime-santa-clara-0031f4,C_area,floor_area_density,3.7882710254106113,1.8941355127053057,6.494178900703905,33.6830329953359,1.45,,,False,,,,,"{""est_gross_sqft"": 30065.643058814374, ""est_gross_sqft_min"": 30065.643058814374, ""facility_class"": ""wholesale"", ""note"": ""Modelled from OSM building footprint. Not a measurement of consumption."", ""partial_occupancy"": false, ""pue"": {""high"": 1.65, ""low"": 1.32, ""mid"": 1.45}, ""storeys_credited_max"": 3, ""utilization"": 0.7, ""utilization_ci"": [0.55, 0.85], ""vintage_used"": 2012, ""w_per_sqft"": {""high"": 300.0, ""low"": 140.0, ""mid"": 210.0}, ""white_space_fraction"": 0.6, ""white_space_fraction_ci"": [0.45, 0.72]}"
digital-realty-sjc-1100-space-park-ae8df5,C_area,floor_area_density,19.51176454931259,9.242414786516491,33.272693231459364,179.4692103245772,1.5,,,False,,,,,"{""est_gross_sqft"": 171155.82937993502, ""est_gross_sqft_min"": 57051.943126645005, ""facility_class"": ""colocation"", ""note"": ""Modelled from OSM building footprint. Not a measurement of consumption."", ""partial_occupancy"": false, ""pue"": {""high"": 1.75, ""low"": 1.35, ""mid"": 1.5}, ""storeys_credited_max"": 3, ""utilization"": 0.7, ""utilization_ci"": [0.55, 0.85], ""vintage_used"": 2012, ""w_per_sqft"": {""high"": 270.0, ""low"": 120.0, ""mid"": 190.0}, ""white_space_fraction"": 0.6, ""white_space_fraction_ci"": [0.45, 0.72]}"
colovore-70dcec,C_area,floor_area_density,2.754433610131751,1.3047317100624083,4.69703415622467,25.335280345991844,1.5,,,False,,,,,"{""est_gross_sqft"": 24161.698334489043, ""est_gross_sqft_min"": 24161.698334489043, ""facility_class"": ""colocation"", ""note"": ""Modelled from OSM building footprint. Not a measurement of consumption."", ""partial_occupancy"": false, ""pue"": {""high"": 1.75, ""low"": 1.35, ""mid"": 1.5}, ""storeys_credited_max"": 3, ""utilization"": 0.7, ""utilization_ci"": [0.55, 0.85], ""vintage_used"": 2012, ""w_per_sqft"": {""high"": 270.0, ""low"": 120.0, ""mid"": 190.0}, ""white_space_fraction"": 0.6, ""white_space_fraction_ci"": [0.45, 0.72]}"
digital-realty-sjc-3105-alfred-st-2cbcfe,C_area,floor_area_density,5.533469208659749,2.6211169935756713,9.436021176872416,50.89684978125237,1.5,,,False,,,,,"{""est_gross_sqft"": 48539.20358473465, ""est_gross_sqft_min"": 48539.20358473465, ""facility_class"": ""colocation"", ""note"": ""Modelled from OSM building footprint. Not a measurement of consumption."", ""partial_occupancy"": false, ""pue"": {""high"": 1.75, ""low"": 1.35, ""mid"": 1.5}, ""storeys_credited_max"": 3, ""utilization"": 0.7, ""utilization_ci"": [0.55, 0.85], ""vintage_used"": 2012, ""w_per_sqft"": {""high"": 270.0, ""low"": 120.0, ""mid"": 190.0}, ""white_space_fraction"": 0.6, ""white_space_fraction_ci"": [0.45, 0.72]}"
digital-realty-sjc-1201-comstock-st-2d0b5d,C_area,floor_area_density,2.806224555667081,1.3292642632107228,4.785351347558602,25.81165346302581,1.5,,,False,,,,,"{""est_gross_sqft"": 24616.00487427264, ""est_gross_sqft_min"": 24616.00487427264, ""facility_class"": ""colocation"", ""note"": ""Modelled from OSM building footprint. Not a measurement of consumption."", ""partial_occupancy"": false, ""pue"": {""high"": 1.75, ""low"": 1.35, ""mid"": 1.5}, ""storeys_credited_max"": 3, ""utilization"": 0.7, ""utilization_ci"": [0.55, 0.85], ""vintage_used"": 2012, ""w_per_sqft"": {""high"": 270.0, ""low"": 120.0, ""mid"": 190.0}, ""white_space_fraction"": 0.6, ""white_space_fraction_ci"": [0.45, 0.72]}"
digital-realty-sjc-1525-comstock-st-4e8c03,C_area,floor_area_density,4.845569672941903,2.2952698450777436,8.262971442279877,44.56954985171963,1.5,,,False,,,,,"{""est_gross_sqft"": 42504.99713106933, ""est_gross_sqft_min"": 42504.99713106933, ""facility_class"": ""colocation"", ""note"": ""Modelled from OSM building footprint. Not a measurement of consumption."", ""partial_occupancy"": false, ""pue"": {""high"": 1.75, ""low"": 1.35, ""mid"": 1.5}, ""storeys_credited_max"": 3, ""utilization"": 0.7, ""utilization_ci"": [0.55, 0.85], ""vintage_used"": 2012, ""w_per_sqft"": {""high"": 270.0, ""low"": 120.0, ""mid"": 190.0}, ""white_space_fraction"": 0.6, ""white_space_fraction_ci"": [0.45, 0.72]}"
digital-realty-sjc-1725-comstock-st-558a97,C_area,floor_area_density,4.592798515043342,2.175536138704741,7.831930099337069,42.24456074136866,1.5,,,False,,,,,"{""est_gross_sqft"": 40287.706272310024, ""est_gross_sqft_min"": 40287.706272310024, ""facility_class"": ""colocation"", ""note"": ""Modelled from OSM building footprint. Not a measurement of consumption."", ""partial_occupancy"": false, ""pue"": {""high"": 1.75, ""low"": 1.35, ""mid"": 1.5}, ""storeys_credited_max"": 3, ""utilization"": 0.7, ""utilization_ci"": [0.55, 0.85], ""vintage_used"": 2012, ""w_per_sqft"": {""high"": 270.0, ""low"": 120.0, ""mid"": 190.0}, ""white_space_fraction"": 0.6, ""white_space_fraction_ci"": [0.45, 0.72]}"
centersquare-silicon-valley-sfo4-a-ecad88,C_area,floor_area_density,3.110693881919804,1.4734865756462228,5.304551672326402,28.612162325898353,1.5,,,False,,,,,"{""est_gross_sqft"": 27286.788437893014, ""est_gross_sqft_min"": 27286.788437893014, ""facility_class"": ""colocation"", ""note"": ""Modelled from OSM building footprint. Not a measurement of consumption."", ""partial_occupancy"": false, ""pue"": {""high"": 1.75, ""low"": 1.35, ""mid"": 1.5}, ""storeys_credited_max"": 3, ""utilization"": 0.7, ""utilization_ci"": [0.55, 0.85], ""vintage_used"": 2012, ""w_per_sqft"": {""high"": 270.0, ""low"": 120.0, ""mid"": 190.0}, ""white_space_fraction"": 0.6, ""white_space_fraction_ci"": [0.45, 0.72]}"
prime-santa-clara-data-center-adb9b8,C_area,floor_area_density,3.254048832360554,1.627024416180277,5.578369426903807,28.933049788050628,1.45,,,False,,,,,"{""est_gross_sqft"": 25825.78438381392, ""est_gross_sqft_min"": 25825.78438381392, ""facility_class"": ""wholesale"", ""note"": ""Modelled from OSM building footprint. Not a measurement of consumption."", ""partial_occupancy"": false, ""pue"": {""high"": 1.65, ""low"": 1.32, ""mid"": 1.45}, ""storeys_credited_max"": 3, ""utilization"": 0.7, ""utilization_ci"": [0.55, 0.85], ""vintage_used"": 2012, ""w_per_sqft"": {""high"": 300.0, ""low"": 140.0, ""mid"": 210.0}, ""white_space_fraction"": 0.6, ""white_space_fraction_ci"": [0.45, 0.72]}"
digital-realty-sjc-3011-lafayette-st-6909de,C_area,floor_area_density,5.019169010229287,2.3775011101086103,8.559003996390997,46.16631655608898,1.5,,,False,,,,,"{""est_gross_sqft"": 44027.79833534463, ""est_gross_sqft_min"": 44027.79833534463, ""facility_class"": ""colocation"", ""note"": ""Modelled from OSM building footprint. Not a measurement of consumption."", ""partial_occupancy"": false, ""pue"": {""high"": 1.75, ""low"": 1.35, ""mid"": 1.5}, ""storeys_credited_max"": 3, ""utilization"": 0.7, ""utilization_ci"": [0.55, 0.85], ""vintage_used"": 2012, ""w_per_sqft"": {""high"": 270.0, ""low"": 120.0, ""mid"": 190.0}, ""white_space_fraction"": 0.6, ""white_space_fraction_ci"": [0.45, 0.72]}"
digital-realty-sjc-2805-lafayette-e18de5,C_area,floor_area_density,16.7121107473332,7.916262985578885,28.498546748083985,153.71799465397072,1.5,,,False,,,,,"{""est_gross_sqft"": 146597.46269590527, ""est_gross_sqft_min"": 146597.46269590527, ""facility_class"": ""colocation"", ""note"": ""Modelled from OSM building footprint. Not a measurement of consumption."", ""partial_occupancy"": false, ""pue"": {""high"": 1.75, ""low"": 1.35, ""mid"": 1.5}, ""storeys_credited_max"": 3, ""utilization"": 0.7, ""utilization_ci"": [0.55, 0.85], ""vintage_used"": 2012, ""w_per_sqft"": {""high"": 270.0, ""low"": 120.0, ""mid"": 190.0}, ""white_space_fraction"": 0.6, ""white_space_fraction_ci"": [0.45, 0.72]}"
unnamed-data-center-5d9199,C_area,floor_area_density,2.1505070623347833,1.0186612400533186,3.8030019628657223,19.121018494043494,1.45,,,False,,,,,"{""est_gross_sqft"": 18864.097038024418, ""est_gross_sqft_min"": 18864.097038024418, ""facility_class"": ""unknown"", ""note"": ""Modelled from OSM building footprint. Not a measurement of consumption."", ""partial_occupancy"": false, ""pue"": {""high"": 1.68, ""low"": 1.28, ""mid"": 1.45}, ""storeys_credited_max"": 3, ""utilization"": 0.7, ""utilization_ci"": [0.55, 0.85], ""vintage_used"": 2012, ""w_per_sqft"": {""high"": 280.0, ""low"": 120.0, ""mid"": 190.0}, ""white_space_fraction"": 0.6, ""white_space_fraction_ci"": [0.45, 0.72]}"
evocative-sjc11-afc016,C_area,floor_area_density,5.861658724623516,2.776575185347981,10.365880691965796,52.11835238411753,1.45,,,False,,,,,"{""est_gross_sqft"": 51418.05898792558, ""est_gross_sqft_min"": 51418.05898792558, ""facility_class"": ""unknown"", ""note"": ""Modelled from OSM building footprint. Not a measurement of consumption."", ""partial_occupancy"": false, ""pue"": {""high"": 1.68, ""low"": 1.28, ""mid"": 1.45}, ""storeys_credited_max"": 3, ""utilization"": 0.7, ""utilization_ci"": [0.55, 0.85], ""vintage_used"": 2012, ""w_per_sqft"": {""high"": 280.0, ""low"": 120.0, ""mid"": 190.0}, ""white_space_fraction"": 0.6, ""white_space_fraction_ci"": [0.45, 0.72]}"
dell-350-holger-way-481d56,C_area,floor_area_density,5.162181383126143,2.445243813059752,9.128910235423072,45.89901954992778,1.45,,,False,,,,,"{""est_gross_sqft"": 45282.29283443985, ""est_gross_sqft_min"": 45282.29283443985, ""facility_class"": ""unknown"", ""note"": ""Modelled from OSM building footprint. Not a measurement of consumption."", ""partial_occupancy"": false, ""pue"": {""high"": 1.68, ""low"": 1.28, ""mid"": 1.45}, ""storeys_credited_max"": 3, ""utilization"": 0.7, ""utilization_ci"": [0.55, 0.85], ""vintage_used"": 2012, ""w_per_sqft"": {""high"": 280.0, ""low"": 120.0, ""mid"": 190.0}, ""white_space_fraction"": 0.6, ""white_space_fraction_ci"": [0.45, 0.72]}"
sv-colo-9b7cc1,C_area,floor_area_density,6.578925352749101,3.116333061828522,11.218799022582678,60.51295539458622,1.5,,,False,,,,,"{""est_gross_sqft"": 57709.871515342995, ""est_gross_sqft_min"": 57709.871515342995, ""facility_class"": ""colocation"", ""note"": ""Modelled from OSM building footprint. Not a measurement of consumption."", ""partial_occupancy"": false, ""pue"": {""high"": 1.75, ""low"": 1.35, ""mid"": 1.5}, ""storeys_credited_max"": 3, ""utilization"": 0.7, ""utilization_ci"": [0.55, 0.85], ""vintage_used"": 2012, ""w_per_sqft"": {""high"": 270.0, ""low"": 120.0, ""mid"": 190.0}, ""white_space_fraction"": 0.6, ""white_space_fraction_ci"": [0.45, 0.72]}"
microsoft-5ac0d5,C_area,floor_area_density,23.998471071875265,11.24928331494153,40.79740082218795,206.02207445783475,1.4,,,False,,,,,"{""est_gross_sqft"": 166656.0491102449, ""est_gross_sqft_min"": 166656.0491102449, ""facility_class"": ""hyperscale"", ""note"": ""Modelled from OSM building footprint. Not a measurement of consumption."", ""partial_occupancy"": false, ""pue"": {""high"": 1.6, ""low"": 1.25, ""mid"": 1.4}, ""storeys_credited_max"": 3, ""utilization"": 0.7, ""utilization_ci"": [0.55, 0.85], ""vintage_used"": 2012, ""w_per_sqft"": {""high"": 340.0, ""low"": 150.0, ""mid"": 240.0}, ""white_space_fraction"": 0.6, ""white_space_fraction_ci"": [0.45, 0.72]}"
centersquare-silicon-valley-sfo3-7eff0b,C_area,floor_area_density,8.117863213820435,3.845303627599153,13.843093059356953,74.66810584072036,1.5,,,False,,,,,"{""est_gross_sqft"": 71209.32643702136, ""est_gross_sqft_min"": 71209.32643702136, ""facility_class"": ""colocation"", ""note"": ""Modelled from OSM building footprint. Not a measurement of consumption."", ""partial_occupancy"": false, ""pue"": {""high"": 1.75, ""low"": 1.35, ""mid"": 1.5}, ""storeys_credited_max"": 3, ""utilization"": 0.7, ""utilization_ci"": [0.55, 0.85], ""vintage_used"": 2012, ""w_per_sqft"": {""high"": 270.0, ""low"": 120.0, ""mid"": 190.0}, ""white_space_fraction"": 0.6, ""white_space_fraction_ci"": [0.45, 0.72]}"
digital-realty-sfo-200-paul-eb654d,C_area,floor_area_density,11.954881583764207,5.6628386449409405,20.386219121787384,109.96100080746318,1.5,,,False,,,,,"{""est_gross_sqft"": 104867.38231372111, ""est_gross_sqft_min"": 104867.38231372111, ""facility_class"": ""colocation"", ""note"": ""Modelled from OSM building footprint. Not a measurement of consumption."", ""partial_occupancy"": false, ""pue"": {""high"": 1.75, ""low"": 1.35, ""mid"": 1.5}, ""storeys_credited_max"": 3, ""utilization"": 0.7, ""utilization_ci"": [0.55, 0.85], ""vintage_used"": 2012, ""w_per_sqft"": {""high"": 270.0, ""low"": 120.0, ""mid"": 190.0}, ""white_space_fraction"": 0.6, ""white_space_fraction_ci"": [0.45, 0.72]}"
coresite-milpitas-sv2-ea7670,C_area,floor_area_density,10.253161447866754,4.85676068583162,17.48433846899383,94.30857899747839,1.5,,,False,,,,,"{""est_gross_sqft"": 89940.01270058556, ""est_gross_sqft_min"": 89940.01270058556, ""facility_class"": ""colocation"", ""note"": ""Modelled from OSM building footprint. Not a measurement of consumption."", ""partial_occupancy"": false, ""pue"": {""high"": 1.75, ""low"": 1.35, ""mid"": 1.5}, ""storeys_credited_max"": 3, ""utilization"": 0.7, ""utilization_ci"": [0.55, 0.85], ""vintage_used"": 2012, ""w_per_sqft"": {""high"": 270.0, ""low"": 120.0, ""mid"": 190.0}, ""white_space_fraction"": 0.6, ""white_space_fraction_ci"": [0.45, 0.72]}"
digital-realty-sjc-2220-de-la-cruz-blvd-e3e377,C_area,floor_area_density,33.966125768758346,16.08921746941185,57.92118288988266,312.4204248210392,1.5,,,False,,,,,"{""est_gross_sqft"": 297948.47165577504, ""est_gross_sqft_min"": 297948.47165577504, ""facility_class"": ""colocation"", ""note"": ""Modelled from OSM building footprint. Not a measurement of consumption."", ""partial_occupancy"": false, ""pue"": {""high"": 1.75, ""low"": 1.35, ""mid"": 1.5}, ""storeys_credited_max"": 3, ""utilization"": 0.7, ""utilization_ci"": [0.55, 0.85], ""vintage_used"": 2012, ""w_per_sqft"": {""high"": 270.0, ""low"": 120.0, ""mid"": 190.0}, ""white_space_fraction"": 0.6, ""white_space_fraction_ci"": [0.45, 0.72]}"
qes-computers-9f42e3,C_area,floor_area_density,0.10727468874083128,0.05081432624565692,0.18970681798378586,0.9538221674702272,1.45,,,False,,,,,"{""est_gross_sqft"": 941.0060415862392, ""est_gross_sqft_min"": 941.0060415862392, ""facility_class"": ""unknown"", ""note"": ""Modelled from OSM building footprint. Not a measurement of consumption."", ""partial_occupancy"": false, ""pue"": {""high"": 1.68, ""low"": 1.28, ""mid"": 1.45}, ""storeys_credited_max"": 3, ""utilization"": 0.7, ""utilization_ci"": [0.55, 0.85], ""vintage_used"": 2012, ""w_per_sqft"": {""high"": 280.0, ""low"": 120.0, ""mid"": 190.0}, ""white_space_fraction"": 0.6, ""white_space_fraction_ci"": [0.45, 0.72]}"
digital-realty-oak-720-2nd-st-f65d1c,C_area,floor_area_density,10.969247867499934,1.7319865053947265,18.705454258263046,100.8951418852644,1.5,,,True,,,,,"{""est_gross_sqft"": 96221.47252192926, ""est_gross_sqft_min"": 32073.82417397642, ""facility_class"": ""colocation"", ""note"": ""Modelled from OSM building footprint. Not a measurement of consumption. Building exceeds the credited storey cap, so the facility is one tenant of a larger tower and its occupied share is unknown; the lower bound assumes a single storey."", ""partial_occupancy"": true, ""pue"": {""high"": 1.75, ""low"": 1.35, ""mid"": 1.5}, ""storeys_credited_max"": 3, ""utilization"": 0.7, ""utilization_ci"": [0.55, 0.85], ""vintage_used"": 2012, ""w_per_sqft"": {""high"": 270.0, ""low"": 120.0, ""mid"": 190.0}, ""white_space_fraction"": 0.6, ""white_space_fraction_ci"": [0.45, 0.72]}"
hurricane-electric-fremont-1-c1ceae,C_area,floor_area_density,7.669931419561097,3.6331254092657836,13.079251473356818,70.54802919712297,1.5,,,False,,,,,"{""est_gross_sqft"": 67280.10017158858, ""est_gross_sqft_min"": 33640.05008579429, ""facility_class"": ""colocation"", ""note"": ""Modelled from OSM building footprint. Not a measurement of consumption."", ""partial_occupancy"": false, ""pue"": {""high"": 1.75, ""low"": 1.35, ""mid"": 1.5}, ""storeys_credited_max"": 3, ""utilization"": 0.7, ""utilization_ci"": [0.55, 0.85], ""vintage_used"": 2012, ""w_per_sqft"": {""high"": 270.0, ""low"": 120.0, ""mid"": 190.0}, ""white_space_fraction"": 0.6, ""white_space_fraction_ci"": [0.45, 0.72]}"
xo-fremont-1b8ecb,C_area,floor_area_density,7.502951888222264,3.554029841789494,13.268378076014109,66.71174641893944,1.45,,,False,,,,,"{""est_gross_sqft"": 65815.36744054618, ""est_gross_sqft_min"": 65815.36744054618, ""facility_class"": ""unknown"", ""note"": ""Modelled from OSM building footprint. Not a measurement of consumption."", ""partial_occupancy"": false, ""pue"": {""high"": 1.68, ""low"": 1.28, ""mid"": 1.45}, ""storeys_credited_max"": 3, ""utilization"": 0.7, ""utilization_ci"": [0.55, 0.85], ""vintage_used"": 2012, ""w_per_sqft"": {""high"": 280.0, ""low"": 120.0, ""mid"": 190.0}, ""white_space_fraction"": 0.6, ""white_space_fraction_ci"": [0.45, 0.72]}"
hurricane-electric-fremont-2-a085c4,C_area,floor_area_density,41.32924701330887,19.57701174314631,70.47724227532672,380.146414028415,1.5,,,False,,,,,"{""est_gross_sqft"": 362537.25450270943, ""est_gross_sqft_min"": 181268.62725135472, ""facility_class"": ""colocation"", ""note"": ""Modelled from OSM building footprint. Not a measurement of consumption."", ""partial_occupancy"": false, ""pue"": {""high"": 1.75, ""low"": 1.35, ""mid"": 1.5}, ""storeys_credited_max"": 3, ""utilization"": 0.7, ""utilization_ci"": [0.55, 0.85], ""vintage_used"": 2012, ""w_per_sqft"": {""high"": 270.0, ""low"": 120.0, ""mid"": 190.0}, ""white_space_fraction"": 0.6, ""white_space_fraction_ci"": [0.45, 0.72]}"
equinix-sv6-silicon-valley-sunnyvale-300fba,C_area,floor_area_density,2.4714029651664036,1.1706645624472436,4.214392424810077,22.73196447360058,1.5,,,False,,,,,"{""est_gross_sqft"": 21678.97337865266, ""est_gross_sqft_min"": 21678.97337865266, ""facility_class"": ""colocation"", ""note"": ""Modelled from OSM building footprint. Not a measurement of consumption."", ""partial_occupancy"": false, ""pue"": {""high"": 1.75, ""low"": 1.35, ""mid"": 1.5}, ""storeys_credited_max"": 3, ""utilization"": 0.7, ""utilization_ci"": [0.55, 0.85], ""vintage_used"": 2012, ""w_per_sqft"": {""high"": 270.0, ""low"": 120.0, ""mid"": 190.0}, ""white_space_fraction"": 0.6, ""white_space_fraction_ci"": [0.45, 0.72]}"
equinix-la7-los-angeles-9de8e8,C_area,floor_area_density,12.28676986196884,5.82004888198524,20.95217597514687,113.01370919038939,1.5,,,False,,,,,"{""est_gross_sqft"": 107778.68299972669, ""est_gross_sqft_min"": 107778.68299972669, ""facility_class"": ""colocation"", ""note"": ""Modelled from OSM building footprint. Not a measurement of consumption."", ""partial_occupancy"": false, ""pue"": {""high"": 1.75, ""low"": 1.35, ""mid"": 1.5}, ""storeys_credited_max"": 3, ""utilization"": 0.7, ""utilization_ci"": [0.55, 0.85], ""vintage_used"": 2012, ""w_per_sqft"": {""high"": 270.0, ""low"": 120.0, ""mid"": 190.0}, ""white_space_fraction"": 0.6, ""white_space_fraction_ci"": [0.45, 0.72]}"
serverfarm-lax1-los-angeles-428cbe,C_area,floor_area_density,7.146153219603415,3.215768948821537,12.863075795286148,81.06739135382506,1.85,,,False,,,,,"{""est_gross_sqft"": 119102.55366005693, ""est_gross_sqft_min"": 119102.55366005693, ""facility_class"": ""colocation"", ""note"": ""Modelled from OSM building footprint. Not a measurement of consumption."", ""partial_occupancy"": false, ""pue"": {""high"": 2.2, ""low"": 1.6, ""mid"": 1.85}, ""storeys_credited_max"": 3, ""utilization"": 0.7, ""utilization_ci"": [0.55, 0.85], ""vintage_used"": 1973, ""w_per_sqft"": {""high"": 150.0, ""low"": 60.0, ""mid"": 100.0}, ""white_space_fraction"": 0.6, ""white_space_fraction_ci"": [0.45, 0.72]}"
digital-realty-lax-2260-e-el-segundo-2a4c1e,C_area,floor_area_density,6.798665257808856,3.0593993660139853,12.237597464055941,77.12541841763523,1.85,,,False,,,,,"{""est_gross_sqft"": 113311.0876301476, ""est_gross_sqft_min"": 113311.0876301476, ""facility_class"": ""colocation"", ""note"": ""Modelled from OSM building footprint. Not a measurement of consumption."", ""partial_occupancy"": false, ""pue"": {""high"": 2.2, ""low"": 1.6, ""mid"": 1.85}, ""storeys_credited_max"": 3, ""utilization"": 0.7, ""utilization_ci"": [0.55, 0.85], ""vintage_used"": 1979, ""w_per_sqft"": {""high"": 150.0, ""low"": 60.0, ""mid"": 100.0}, ""white_space_fraction"": 0.6, ""white_space_fraction_ci"": [0.45, 0.72]}"
digital-realty-lax-600-w-7th-1ee703,C_area,floor_area_density,22.90704985876004,3.6169026092779015,39.06254818020133,210.69904460087483,1.5,,,True,,,,,"{""est_gross_sqft"": 200939.0338487723, ""est_gross_sqft_min"": 66979.67794959077, ""facility_class"": ""colocation"", ""note"": ""Modelled from OSM building footprint. Not a measurement of consumption. Building exceeds the credited storey cap, so the facility is one tenant of a larger tower and its occupied share is unknown; the lower bound assumes a single storey."", ""partial_occupancy"": true, ""pue"": {""high"": 1.75, ""low"": 1.35, ""mid"": 1.5}, ""storeys_credited_max"": 3, ""utilization"": 0.7, ""utilization_ci"": [0.55, 0.85], ""vintage_used"": 2012, ""w_per_sqft"": {""high"": 270.0, ""low"": 120.0, ""mid"": 190.0}, ""white_space_fraction"": 0.6, ""white_space_fraction_ci"": [0.45, 0.72]}"
multacom-one-wilshire-e9be70,C_area,floor_area_density,14.996816335635563,2.367918368784563,26.520685730387104,133.34269276667004,1.45,,,True,,,,,"{""est_gross_sqft"": 131551.02048803127, ""est_gross_sqft_min"": 43850.34016267709, ""facility_class"": ""unknown"", ""note"": ""Modelled from OSM building footprint. Not a measurement of consumption. Building exceeds the credited storey cap, so the facility is one tenant of a larger tower and its occupied share is unknown; the lower bound assumes a single storey."", ""partial_occupancy"": true, ""pue"": {""high"": 1.68, ""low"": 1.28, ""mid"": 1.45}, ""storeys_credited_max"": 3, ""utilization"": 0.7, ""utilization_ci"": [0.55, 0.85], ""vintage_used"": 2012, ""w_per_sqft"": {""high"": 280.0, ""low"": 120.0, ""mid"": 190.0}, ""white_space_fraction"": 0.6, ""white_space_fraction_ci"": [0.45, 0.72]}"
unnamed-data-center-a16537,C_area,floor_area_density,23.256954806848732,11.016452276928346,41.12808850053249,206.78688796961478,1.45,,,False,,,,,"{""est_gross_sqft"": 204008.3754986731, ""est_gross_sqft_min"": 102004.18774933655, ""facility_class"": ""unknown"", ""note"": ""Modelled from OSM building footprint. Not a measurement of consumption."", ""partial_occupancy"": false, ""pue"": {""high"": 1.68, ""low"": 1.28, ""mid"": 1.45}, ""storeys_credited_max"": 3, ""utilization"": 0.7, ""utilization_ci"": [0.55, 0.85], ""vintage_used"": 2012, ""w_per_sqft"": {""high"": 280.0, ""low"": 120.0, ""mid"": 190.0}, ""white_space_fraction"": 0.6, ""white_space_fraction_ci"": [0.45, 0.72]}"
equinix-sv3-silicon-valley-san-jose-2a8623,C_area,floor_area_density,12.504000170319737,5.922947449098824,21.322610816755763,115.01179356660094,1.5,,,False,,,,,"{""est_gross_sqft"": 109684.21202034858, ""est_gross_sqft_min"": 109684.21202034858, ""facility_class"": ""colocation"", ""note"": ""Modelled from OSM building footprint. Not a measurement of consumption."", ""partial_occupancy"": false, ""pue"": {""high"": 1.75, ""low"": 1.35, ""mid"": 1.5}, ""storeys_credited_max"": 3, ""utilization"": 0.7, ""utilization_ci"": [0.55, 0.85], ""vintage_used"": 2012, ""w_per_sqft"": {""high"": 270.0, ""low"": 120.0, ""mid"": 190.0}, ""white_space_fraction"": 0.6, ""white_space_fraction_ci"": [0.45, 0.72]}"
digital-realty-sfo-365-main-bf6cb5,C_area,floor_area_density,4.482336811159547,2.1232121737071536,7.643563825345753,41.228533989045516,1.5,,,False,,,,,"{""est_gross_sqft"": 39318.74395753988, ""est_gross_sqft_min"": 39318.74395753988, ""facility_class"": ""colocation"", ""note"": ""Modelled from OSM building footprint. Not a measurement of consumption."", ""partial_occupancy"": false, ""pue"": {""high"": 1.75, ""low"": 1.35, ""mid"": 1.5}, ""storeys_credited_max"": 3, ""utilization"": 0.7, ""utilization_ci"": [0.55, 0.85], ""vintage_used"": 2012, ""w_per_sqft"": {""high"": 270.0, ""low"": 120.0, ""mid"": 190.0}, ""white_space_fraction"": 0.6, ""white_space_fraction_ci"": [0.45, 0.72]}"
ntt-limited-b75b73,C_area,floor_area_density,8.578405623609312,4.063455295393885,14.628439063417984,78.90417492595843,1.5,,,False,,,,,"{""est_gross_sqft"": 75249.1721369238, ""est_gross_sqft_min"": 75249.1721369238, ""facility_class"": ""colocation"", ""note"": ""Modelled from OSM building footprint. Not a measurement of consumption."", ""partial_occupancy"": false, ""pue"": {""high"": 1.75, ""low"": 1.35, ""mid"": 1.5}, ""storeys_credited_max"": 3, ""utilization"": 0.7, ""utilization_ci"": [0.55, 0.85], ""vintage_used"": 2012, ""w_per_sqft"": {""high"": 270.0, ""low"": 120.0, ""mid"": 190.0}, ""white_space_fraction"": 0.6, ""white_space_fraction_ci"": [0.45, 0.72]}"
csquare-sfo1-54cdc3,C_area,floor_area_density,9.567115731799202,4.531791662431201,16.314449984752322,87.99833050108906,1.5,,,False,,,,,"{""est_gross_sqft"": 83922.06782280002, ""est_gross_sqft_min"": 83922.06782280002, ""facility_class"": ""colocation"", ""note"": ""Modelled from OSM building footprint. Not a measurement of consumption."", ""partial_occupancy"": false, ""pue"": {""high"": 1.75, ""low"": 1.35, ""mid"": 1.5}, ""storeys_credited_max"": 3, ""utilization"": 0.7, ""utilization_ci"": [0.55, 0.85], ""vintage_used"": 2012, ""w_per_sqft"": {""high"": 270.0, ""low"": 120.0, ""mid"": 190.0}, ""white_space_fraction"": 0.6, ""white_space_fraction_ci"": [0.45, 0.72]}"
tpx-colocation-datacenter-180bda,C_area,floor_area_density,4.225451871790675,2.0015298340061096,7.47237804695614,37.5701827728396,1.45,,,False,,,,,"{""est_gross_sqft"": 37065.36729640943, ""est_gross_sqft_min"": 37065.36729640943, ""facility_class"": ""unknown"", ""note"": ""Modelled from OSM building footprint. Not a measurement of consumption."", ""partial_occupancy"": false, ""pue"": {""high"": 1.68, ""low"": 1.28, ""mid"": 1.45}, ""storeys_credited_max"": 3, ""utilization"": 0.7, ""utilization_ci"": [0.55, 0.85], ""vintage_used"": 2012, ""w_per_sqft"": {""high"": 280.0, ""low"": 120.0, ""mid"": 190.0}, ""white_space_fraction"": 0.6, ""white_space_fraction_ci"": [0.45, 0.72]}"
unnamed-data-center-eada51,C_area,floor_area_density,8.722796586392128,1.3772836715355996,15.425577121198714,77.55787356824698,1.45,,,True,,,,,"{""est_gross_sqft"": 76515.75952975552, ""est_gross_sqft_min"": 25505.253176585175, ""facility_class"": ""unknown"", ""note"": ""Modelled from OSM building footprint. Not a measurement of consumption. Building exceeds the credited storey cap, so the facility is one tenant of a larger tower and its occupied share is unknown; the lower bound assumes a single storey."", ""partial_occupancy"": true, ""pue"": {""high"": 1.68, ""low"": 1.28, ""mid"": 1.45}, ""storeys_credited_max"": 3, ""utilization"": 0.7, ""utilization_ci"": [0.55, 0.85], ""vintage_used"": 2012, ""w_per_sqft"": {""high"": 280.0, ""low"": 120.0, ""mid"": 190.0}, ""white_space_fraction"": 0.6, ""white_space_fraction_ci"": [0.45, 0.72]}"
equinix-sv10-cc41a7,C_area,floor_area_density,9.84284455870882,4.6624000541252295,16.78464019485083,90.53448425100372,1.5,,,False,,,,,"{""est_gross_sqft"": 86340.74174305981, ""est_gross_sqft_min"": 86340.74174305981, ""facility_class"": ""colocation"", ""note"": ""Modelled from OSM building footprint. Not a measurement of consumption."", ""partial_occupancy"": false, ""pue"": {""high"": 1.75, ""low"": 1.35, ""mid"": 1.5}, ""storeys_credited_max"": 3, ""utilization"": 0.7, ""utilization_ci"": [0.55, 0.85], ""vintage_used"": 2012, ""w_per_sqft"": {""high"": 270.0, ""low"": 120.0, ""mid"": 190.0}, ""white_space_fraction"": 0.6, ""white_space_fraction_ci"": [0.45, 0.72]}"
unnamed-data-center-e2576c,C_area,floor_area_density,0.11327400034214441,0.0536561054252263,0.20031612692084483,1.0071644466421426,1.45,,,False,,,,,"{""est_gross_sqft"": 993.6315819486352, ""est_gross_sqft_min"": 993.6315819486352, ""facility_class"": ""unknown"", ""note"": ""Modelled from OSM building footprint. Not a measurement of consumption."", ""partial_occupancy"": false, ""pue"": {""high"": 1.68, ""low"": 1.28, ""mid"": 1.45}, ""storeys_credited_max"": 3, ""utilization"": 0.7, ""utilization_ci"": [0.55, 0.85], ""vintage_used"": 2012, ""w_per_sqft"": {""high"": 280.0, ""low"": 120.0, ""mid"": 190.0}, ""white_space_fraction"": 0.6, ""white_space_fraction_ci"": [0.45, 0.72]}"
pg-e-datacenter-7315e7,C_area,floor_area_density,6.300864176712416,2.984619873179565,11.142580859870378,56.023503740820765,1.45,,,False,,,,,"{""est_gross_sqft"": 55270.738392214174, ""est_gross_sqft_min"": 55270.738392214174, ""facility_class"": ""unknown"", ""note"": ""Modelled from OSM building footprint. Not a measurement of consumption."", ""partial_occupancy"": false, ""pue"": {""high"": 1.68, ""low"": 1.28, ""mid"": 1.45}, ""storeys_credited_max"": 3, ""utilization"": 0.7, ""utilization_ci"": [0.55, 0.85], ""vintage_used"": 2012, ""w_per_sqft"": {""high"": 280.0, ""low"": 120.0, ""mid"": 190.0}, ""white_space_fraction"": 0.6, ""white_space_fraction_ci"": [0.45, 0.72]}"
ntt-silicon-valley-sv1-data-center-7bde99,C_area,floor_area_density,4.41857251712851,2.0930080344292947,7.53482892394546,40.64203001254803,1.5,,,False,,,,,"{""est_gross_sqft"": 38759.408044986936, ""est_gross_sqft_min"": 38759.408044986936, ""facility_class"": ""colocation"", ""note"": ""Modelled from OSM building footprint. Not a measurement of consumption."", ""partial_occupancy"": false, ""pue"": {""high"": 1.75, ""low"": 1.35, ""mid"": 1.5}, ""storeys_credited_max"": 3, ""utilization"": 0.7, ""utilization_ci"": [0.55, 0.85], ""vintage_used"": 2012, ""w_per_sqft"": {""high"": 270.0, ""low"": 120.0, ""mid"": 190.0}, ""white_space_fraction"": 0.6, ""white_space_fraction_ci"": [0.45, 0.72]}"
unnamed-data-center-bd5193,C_area,floor_area_density,1.5500792023672938,0.734248043226613,2.7411926947126886,13.782374219928553,1.45,,,False,,,,,"{""est_gross_sqft"": 13597.185985678017, ""est_gross_sqft_min"": 13597.185985678017, ""facility_class"": ""unknown"", ""note"": ""Modelled from OSM building footprint. Not a measurement of consumption."", ""partial_occupancy"": false, ""pue"": {""high"": 1.68, ""low"": 1.28, ""mid"": 1.45}, ""storeys_credited_max"": 3, ""utilization"": 0.7, ""utilization_ci"": [0.55, 0.85], ""vintage_used"": 2012, ""w_per_sqft"": {""high"": 280.0, ""low"": 120.0, ""mid"": 190.0}, ""white_space_fraction"": 0.6, ""white_space_fraction_ci"": [0.45, 0.72]}"
edgeconnex-sacramento-edcsac01-be6584,C_area,floor_area_density,3.342352626834055,1.5832196653424473,5.69959079523281,30.742959461619638,1.5,,,False,,,,,"{""est_gross_sqft"": 29318.8826915268, ""est_gross_sqft_min"": 29318.8826915268, ""facility_class"": ""colocation"", ""note"": ""Modelled from OSM building footprint. Not a measurement of consumption."", ""partial_occupancy"": false, ""pue"": {""high"": 1.75, ""low"": 1.35, ""mid"": 1.5}, ""storeys_credited_max"": 3, ""utilization"": 0.7, ""utilization_ci"": [0.55, 0.85], ""vintage_used"": 2012, ""w_per_sqft"": {""high"": 270.0, ""low"": 120.0, ""mid"": 190.0}, ""white_space_fraction"": 0.6, ""white_space_fraction_ci"": [0.45, 0.72]}"
northwest-data-center-and-communications-hub-e0b1a6,C_area,floor_area_density,1.1566336129492842,0.547879079818082,2.0454152313208396,10.284092106177264,1.45,,,False,,,,,"{""est_gross_sqft"": 10145.908885520037, ""est_gross_sqft_min"": 10145.908885520037, ""facility_class"": ""unknown"", ""note"": ""Modelled from OSM building footprint. Not a measurement of consumption."", ""partial_occupancy"": false, ""pue"": {""high"": 1.68, ""low"": 1.28, ""mid"": 1.45}, ""storeys_credited_max"": 3, ""utilization"": 0.7, ""utilization_ci"": [0.55, 0.85], ""vintage_used"": 2012, ""w_per_sqft"": {""high"": 280.0, ""low"": 120.0, ""mid"": 190.0}, ""white_space_fraction"": 0.6, ""white_space_fraction_ci"": [0.45, 0.72]}"
amazon-ff1641,C_area,floor_area_density,14.132564825239145,6.624639761830848,24.02536020290654,121.32524251171299,1.4,,,False,,,,,"{""est_gross_sqft"": 98142.81128638294, ""est_gross_sqft_min"": 98142.81128638294, ""facility_class"": ""hyperscale"", ""note"": ""Modelled from OSM building footprint. Not a measurement of consumption."", ""partial_occupancy"": false, ""pue"": {""high"": 1.6, ""low"": 1.25, ""mid"": 1.4}, ""storeys_credited_max"": 3, ""utilization"": 0.7, ""utilization_ci"": [0.55, 0.85], ""vintage_used"": 2012, ""w_per_sqft"": {""high"": 340.0, ""low"": 150.0, ""mid"": 240.0}, ""white_space_fraction"": 0.6, ""white_space_fraction_ci"": [0.45, 0.72]}"
unnamed-data-center-9036f8,C_area,floor_area_density,12.351470993579179,5.850696786432244,21.842601336013708,109.82186919230989,1.45,,,False,,,,,"{""est_gross_sqft"": 108346.23678578228, ""est_gross_sqft_min"": 108346.23678578228, ""facility_class"": ""unknown"", ""note"": ""Modelled from OSM building footprint. Not a measurement of consumption."", ""partial_occupancy"": false, ""pue"": {""high"": 1.68, ""low"": 1.28, ""mid"": 1.45}, ""storeys_credited_max"": 3, ""utilization"": 0.7, ""utilization_ci"": [0.55, 0.85], ""vintage_used"": 2012, ""w_per_sqft"": {""high"": 280.0, ""low"": 120.0, ""mid"": 190.0}, ""white_space_fraction"": 0.6, ""white_space_fraction_ci"": [0.45, 0.72]}"
coresite-santa-clara-sv7-fd2a09,C_area,floor_area_density,6.952763736318288,3.293414401413926,11.856291845090134,63.951520846655605,1.5,,,False,,,,,"{""est_gross_sqft"": 60989.155581739375, ""est_gross_sqft_min"": 60989.155581739375, ""facility_class"": ""colocation"", ""note"": ""Modelled from OSM building footprint. Not a measurement of consumption."", ""partial_occupancy"": false, ""pue"": {""high"": 1.75, ""low"": 1.35, ""mid"": 1.5}, ""storeys_credited_max"": 3, ""utilization"": 0.7, ""utilization_ci"": [0.55, 0.85], ""vintage_used"": 2012, ""w_per_sqft"": {""high"": 270.0, ""low"": 120.0, ""mid"": 190.0}, ""white_space_fraction"": 0.6, ""white_space_fraction_ci"": [0.45, 0.72]}"
equinix-sv11-dc3435,C_area,floor_area_density,8.775427456489572,4.1567814267582195,14.96441313632959,80.71638174479108,1.5,,,False,,,,,"{""est_gross_sqft"": 76977.43382885591, ""est_gross_sqft_min"": 76977.43382885591, ""facility_class"": ""colocation"", ""note"": ""Modelled from OSM building footprint. Not a measurement of consumption."", ""partial_occupancy"": false, ""pue"": {""high"": 1.75, ""low"": 1.35, ""mid"": 1.5}, ""storeys_credited_max"": 3, ""utilization"": 0.7, ""utilization_ci"": [0.55, 0.85], ""vintage_used"": 2012, ""w_per_sqft"": {""high"": 270.0, ""low"": 120.0, ""mid"": 190.0}, ""white_space_fraction"": 0.6, ""white_space_fraction_ci"": [0.45, 0.72]}"
unnamed-data-center-5bbb60,C_area,floor_area_density,14.143986496761908,6.699783077413537,25.01252348901054,125.75984153730882,1.45,,,False,,,,,"{""est_gross_sqft"": 124070.05698913957, ""est_gross_sqft_min"": 124070.05698913957, ""facility_class"": ""unknown"", ""note"": ""Modelled from OSM building footprint. Not a measurement of consumption."", ""partial_occupancy"": false, ""pue"": {""high"": 1.68, ""low"": 1.28, ""mid"": 1.45}, ""storeys_credited_max"": 3, ""utilization"": 0.7, ""utilization_ci"": [0.55, 0.85], ""vintage_used"": 2012, ""w_per_sqft"": {""high"": 280.0, ""low"": 120.0, ""mid"": 190.0}, ""white_space_fraction"": 0.6, ""white_space_fraction_ci"": [0.45, 0.72]}"
vantage-santa-clara-ca2-a79294,C_area,floor_area_density,16.636040516165515,8.318020258082758,28.518926599140883,147.91769064543405,1.45,,,False,,,,,"{""est_gross_sqft"": 132032.0675886152, ""est_gross_sqft_min"": 132032.0675886152, ""facility_class"": ""wholesale"", ""note"": ""Modelled from OSM building footprint. Not a measurement of consumption."", ""partial_occupancy"": false, ""pue"": {""high"": 1.65, ""low"": 1.32, ""mid"": 1.45}, ""storeys_credited_max"": 3, ""utilization"": 0.7, ""utilization_ci"": [0.55, 0.85], ""vintage_used"": 2012, ""w_per_sqft"": {""high"": 300.0, ""low"": 140.0, ""mid"": 210.0}, ""white_space_fraction"": 0.6, ""white_space_fraction_ci"": [0.45, 0.72]}"
digital-realty-silicon-valley-sjc37-f2648a,C_area,floor_area_density,17.7486116658868,8.407237104893747,30.266053577617484,163.25173010282674,1.5,,,False,,,,,"{""est_gross_sqft"": 155689.57601655085, ""est_gross_sqft_min"": 155689.57601655085, ""facility_class"": ""colocation"", ""note"": ""Modelled from OSM building footprint. Not a measurement of consumption."", ""partial_occupancy"": false, ""pue"": {""high"": 1.75, ""low"": 1.35, ""mid"": 1.5}, ""storeys_credited_max"": 3, ""utilization"": 0.7, ""utilization_ci"": [0.55, 0.85], ""vintage_used"": 2012, ""w_per_sqft"": {""high"": 270.0, ""low"": 120.0, ""mid"": 190.0}, ""white_space_fraction"": 0.6, ""white_space_fraction_ci"": [0.45, 0.72]}"
csquare-sfo4-40175a,C_area,floor_area_density,3.6764428060948227,1.7414729081501794,6.269302469340645,33.81592093046017,1.5,,,False,,,,,"{""est_gross_sqft"": 32249.498299077393, ""est_gross_sqft_min"": 32249.498299077393, ""facility_class"": ""colocation"", ""note"": ""Modelled from OSM building footprint. Not a measurement of consumption."", ""partial_occupancy"": false, ""pue"": {""high"": 1.75, ""low"": 1.35, ""mid"": 1.5}, ""storeys_credited_max"": 3, ""utilization"": 0.7, ""utilization_ci"": [0.55, 0.85], ""vintage_used"": 2012, ""w_per_sqft"": {""high"": 270.0, ""low"": 120.0, ""mid"": 190.0}, ""white_space_fraction"": 0.6, ""white_space_fraction_ci"": [0.45, 0.72]}"
databank-santa-clara-sfo1-4c62cf,C_area,floor_area_density,3.053061106756081,1.4461868400423543,5.206272624152474,28.08205605994243,1.5,,,False,,,,,"{""est_gross_sqft"": 26781.237778562114, ""est_gross_sqft_min"": 26781.237778562114, ""facility_class"": ""colocation"", ""note"": ""Modelled from OSM building footprint. Not a measurement of consumption."", ""partial_occupancy"": false, ""pue"": {""high"": 1.75, ""low"": 1.35, ""mid"": 1.5}, ""storeys_credited_max"": 3, ""utilization"": 0.7, ""utilization_ci"": [0.55, 0.85], ""vintage_used"": 2012, ""w_per_sqft"": {""high"": 270.0, ""low"": 120.0, ""mid"": 190.0}, ""white_space_fraction"": 0.6, ""white_space_fraction_ci"": [0.45, 0.72]}"
edgecore-silicon-valley-f3d51a,C_area,floor_area_density,9.170589075906591,4.34396324648207,16.217462786866392,81.53937570951585,1.45,,,False,,,,,"{""est_gross_sqft"": 80443.76382374203, ""est_gross_sqft_min"": 80443.76382374203, ""facility_class"": ""unknown"", ""note"": ""Modelled from OSM building footprint. Not a measurement of consumption."", ""partial_occupancy"": false, ""pue"": {""high"": 1.68, ""low"": 1.28, ""mid"": 1.45}, ""storeys_credited_max"": 3, ""utilization"": 0.7, ""utilization_ci"": [0.55, 0.85], ""vintage_used"": 2012, ""w_per_sqft"": {""high"": 280.0, ""low"": 120.0, ""mid"": 190.0}, ""white_space_fraction"": 0.6, ""white_space_fraction_ci"": [0.45, 0.72]}"
stack-svy02-089814,C_area,floor_area_density,17.146580217790717,8.573290108895359,29.39413751621265,152.45710334846436,1.45,,,False,,,,,"{""est_gross_sqft"": 136083.969982466, ""est_gross_sqft_min"": 136083.969982466, ""facility_class"": ""wholesale"", ""note"": ""Modelled from OSM building footprint. Not a measurement of consumption."", ""partial_occupancy"": false, ""pue"": {""high"": 1.65, ""low"": 1.32, ""mid"": 1.45}, ""storeys_credited_max"": 3, ""utilization"": 0.7, ""utilization_ci"": [0.55, 0.85], ""vintage_used"": 2012, ""w_per_sqft"": {""high"": 300.0, ""low"": 140.0, ""mid"": 210.0}, ""white_space_fraction"": 0.6, ""white_space_fraction_ci"": [0.45, 0.72]}"
