osm_type,osm_id,source_id,name,n_versions,created_ts,created_user,created_changeset,datacenter_tagged_ts,start_date_tag,created_year,datacenter_tagged_year
node,2607827436,node/2607827436,SDSU Computer Room,2,2014-01-03T13:31:16Z,PhamCuong,19786500,2020-11-13T04:21:53Z,,2014,2020
node,5146323411,node/5146323411,Open Computing Facility,2,2017-10-04T01:17:53Z,dkess,52611657,2020-01-05T22:20:07Z,,2017,2020
node,8238715059,node/8238715059,STACK Infrastructure,2,2020-12-17T22:17:52Z,impiaaa,96030040,2020-12-17T22:17:52Z,,2020,2020
node,8238715061,node/8238715061,STACK Infrastructure,2,2020-12-17T22:17:52Z,impiaaa,96030040,2020-12-17T22:17:52Z,,2020,2020
node,8477460442,node/8477460442,Digital West Data Center,1,2021-03-02T00:26:11Z,csecsecse,100235468,2021-03-02T00:26:11Z,,2021,2021
node,8897151054,node/8897151054,San Jose Colocation Center,4,2021-07-06T06:20:38Z,Minh Nguyen,107473452,2021-07-06T06:20:38Z,,2021,2021
node,10780794741,node/10780794741,,1,2023-04-03T02:26:20Z,lasagna,134434681,2023-04-03T02:26:20Z,,2023,2023
node,10880725408,node/10880725408,e360,2,2023-05-09T10:55:12Z,e360Concordca,135889899,2023-05-09T10:55:12Z,,2023,2023
node,11924506303,node/11924506303,IT,1,2024-05-22T03:58:29Z,Keith Helbley,151654635,2024-05-22T03:58:29Z,,2024,2024
node,12437277166,node/12437277166,Prime Santa Clara,1,2024-12-20T17:29:01Z,wvdp,160442932,2024-12-20T17:29:01Z,,2024,2024
node,12550746951,node/12550746951,"Forescout Technologies, Inc.",2,2025-02-02T05:43:46Z,hertha_hp,162034146,2025-02-02T05:43:46Z,,2025,2025
node,13042311881,node/13042311881,CoreSite - LA2,1,2025-08-02T02:19:03Z,beddy,169843102,2025-08-02T02:19:03Z,,2025,2025
node,14081154610,node/14081154610,Petadata,1,2026-08-08T23:34:51Z,democat,187156923,2026-08-08T23:34:51Z,,2026,2026
way,30666790,way/30666790,USPO Terminal Annex,13,2009-01-30T15:51:59Z,jerjozwik,855444,2023-04-26T01:12:09Z,1938,2009,2023
way,31800424,way/31800424,LightEdge SAN1,7,2009-03-05T23:34:45Z,Adam Geitgey,742591,2023-04-26T01:42:10Z,,2009,2023
way,31803515,way/31803515,EdgeConneX San Diego,3,2009-03-06T00:02:14Z,Adam Geitgey,742591,2025-12-28T16:14:56Z,,2009,2025
way,32560290,way/32560290,RagingWire CA2,4,2009-03-27T15:14:42Z,jraller,862924,2023-04-26T01:45:04Z,,2009,2023
way,32560292,way/32560292,RagingWire CA1,4,2009-03-27T15:14:57Z,jraller,862924,2023-04-26T01:32:14Z,,2009,2023
way,35491576,way/35491576,Equinix SV1,7,2009-06-06T02:15:00Z,nmixter,1434031,2016-12-16T18:55:10Z,,2009,2016
way,37877544,way/37877544,Lumen Sunnyvale 1,4,2009-07-20T16:37:56Z,nmixter,1886187,2025-12-23T21:35:27Z,,2009,2025
way,37947313,way/37947313,OpenColo,3,2009-07-22T16:53:28Z,nmixter,1906279,2024-12-20T17:29:01Z,,2009,2024
way,37947314,way/37947314,Equinix Santa Clara SV2,6,2009-07-22T16:53:46Z,nmixter,1906279,2016-12-16T18:55:11Z,,2009,2016
way,37947315,way/37947315,Layer42 Santa Clara,4,2009-07-22T16:53:58Z,nmixter,1906279,2016-12-17T11:41:08Z,,2009,2016
way,38305431,way/38305431,Digital Realty Silicon Valley SJC34,4,2009-07-30T20:47:41Z,nmixter,1988534,2016-12-17T11:41:08Z,,2009,2016
way,38305568,way/38305568,Csquare SFO1,3,2009-07-30T20:51:28Z,nmixter,1988534,2016-12-17T11:41:08Z,,2009,2016
way,38305611,way/38305611,,3,2009-07-30T20:53:19Z,nmixter,1988534,2016-12-17T11:41:09Z,,2009,2016
way,40608200,way/40608200,Cologix Santa Clara SV1 Data Center,4,2009-09-11T07:38:24Z,wallclimber21,2443343,2024-12-20T17:29:01Z,,2009,2024
way,54119665,way/54119665,Csquare SFO2,4,2010-04-02T23:21:22Z,Alexander Avtanski,4309102,2025-12-23T19:25:44Z,,2010,2025
way,54119667,way/54119667,Csquare SFO2,4,2010-04-02T23:21:22Z,Alexander Avtanski,4309102,2025-12-23T19:25:44Z,,2010,2025
way,54121151,way/54121151,QTS Santa Clara 1,5,2010-04-02T23:37:03Z,Alexander Avtanski,4309149,2025-12-23T19:27:47Z,,2010,2025
way,54173383,way/54173383,CoreSite SV3,4,2010-04-03T15:14:55Z,Em Sharnoff,4313982,2024-05-10T21:55:43Z,,2010,2024
way,54173753,way/54173753,CoreSite SV6,2,2010-04-03T15:22:06Z,Em Sharnoff,4313982,2024-12-20T17:29:01Z,,2010,2024
way,54173755,way/54173755,CoreSite SV8,4,2010-04-03T15:22:08Z,Em Sharnoff,4313982,2024-12-20T17:29:01Z,,2010,2024
way,54383196,way/54383196,CoreSite SV5,5,2010-04-05T14:26:31Z,Em Sharnoff,4333777,2024-12-20T17:29:01Z,,2010,2024
way,54383197,way/54383197,CoreSite SV9,5,2010-04-05T14:26:32Z,Em Sharnoff,4333777,2024-07-07T00:17:30Z,,2010,2024
way,58708529,way/58708529,QTS Santa Clara 2,3,2010-05-09T14:46:16Z,David Muir Sharnoff,4649414,2025-12-23T19:30:35Z,,2010,2025
way,99813512,way/99813512,Equinix SV4,4,2011-02-15T03:48:20Z,Bike Mapper,7291652,2016-12-16T19:04:54Z,,2011,2016
way,132746406,way/132746406,Equinix SV8,6,2011-10-09T18:40:56Z,oldtopos,9515777,2016-12-16T19:04:54Z,,2011,2016
way,161126131,way/161126131,Equinix SV5,9,2012-04-25T22:16:09Z,willo23,11419635,2016-12-16T18:55:11Z,,2012,2016
way,190868312,way/190868312,RagingWire CA3,3,2012-11-15T07:28:16Z,tkmedia,13879903,2023-11-29T15:57:51Z,,2012,2023
way,192307107,way/192307107,360 Spear Street Data Center,5,2012-11-23T19:09:11Z,dbaron,14003265,2016-12-16T19:55:44Z,,2012,2016
way,194049551,way/194049551,QTS Sacramento,4,2012-12-02T03:02:44Z,tkmedia,14119870,2023-11-29T15:46:16Z,,2012,2023
way,205823968,way/205823968,Equinix SV15,2,2013-02-16T20:34:41Z,Bike Mapper,15056257,2023-11-29T15:40:10Z,,2013,2023
way,205823970,way/205823970,Equinix SV16,4,2013-02-16T20:34:41Z,Bike Mapper,15056257,2022-02-20T01:51:03Z,,2013,2022
way,205823971,way/205823971,Equinix SV17,3,2013-02-16T20:34:41Z,Bike Mapper,15056257,2022-02-20T01:51:03Z,,2013,2022
way,205823980,way/205823980,Equinix SV14,2,2013-02-16T20:34:42Z,Bike Mapper,15056257,2023-11-29T15:40:10Z,,2013,2023
way,205846843,way/205846843,CoreSite SV4,4,2013-02-16T23:28:52Z,Bike Mapper,15057892,2024-12-20T17:29:01Z,,2013,2024
way,209073635,way/209073635,Lumen Santa Clara,5,2013-03-09T18:32:37Z,Bike Mapper,15305717,2016-12-17T11:41:09Z,,2013,2016
way,209073636,way/209073636,Prime Santa Clara,3,2013-03-09T18:32:37Z,Bike Mapper,15305717,2024-12-20T17:29:01Z,,2013,2024
way,209073641,way/209073641,Digital Realty Silicon Valley SJC10,6,2013-03-09T18:32:37Z,Bike Mapper,15305717,2016-12-17T11:41:09Z,,2013,2016
way,209073645,way/209073645,Colovore,3,2013-03-09T18:32:37Z,Bike Mapper,15305717,2024-12-20T17:29:01Z,,2013,2024
way,209073647,way/209073647,Digital Realty Silicon Valley SJC30,3,2013-03-09T18:32:37Z,Bike Mapper,15305717,2016-12-17T11:41:10Z,,2013,2016
way,209073649,way/209073649,Digital Realty Silicon Valley SJC15,3,2013-03-09T18:32:38Z,Bike Mapper,15305717,2016-12-17T11:41:10Z,,2013,2016
way,209073653,way/209073653,Digital Realty Silicon Valley SJC16,4,2013-03-09T18:32:38Z,Bike Mapper,15305717,2016-12-17T11:41:10Z,,2013,2016
way,209073657,way/209073657,Digital Realty Silicon Valley SJC29,3,2013-03-09T18:32:38Z,Bike Mapper,15305717,2016-12-17T11:41:10Z,,2013,2016
way,209073658,way/209073658,Csquare SFO4,4,2013-03-09T18:32:38Z,Bike Mapper,15305717,2016-12-17T11:41:10Z,,2013,2016
way,209073659,way/209073659,Prime SANTA CLARA DATA CENTER,2,2013-03-09T18:32:38Z,Bike Mapper,15305717,2024-12-20T17:29:01Z,,2013,2024
way,209076412,way/209076412,Digital Realty Silicon Valley SJC11,4,2013-03-09T18:48:24Z,Bike Mapper,15305717,2016-12-17T11:41:10Z,,2013,2016
way,209077298,way/209077298,Lumen,3,2013-03-09T18:56:02Z,Bike Mapper,15305717,2016-12-17T11:47:48Z,,2013,2016
way,209087373,way/209087373,Silicon Valley SJC31,6,2013-03-09T20:19:54Z,Bike Mapper,15307164,2016-12-17T11:41:10Z,,2013,2016
way,209105766,way/209105766,,2,2013-03-09T22:35:09Z,Bike Mapper,15308618,2022-02-23T14:38:19Z,,2013,2022
way,209117217,way/209117217,Evocative Santa Clara SJC11,4,2013-03-10T01:41:04Z,Bike Mapper,15309630,2025-12-23T20:50:25Z,,2013,2025
way,224139416,way/224139416,Dell 350 Holger Way,5,2013-06-02T18:13:07Z,Bike Mapper,16394992,2025-12-23T21:39:08Z,,2013,2025
way,224174031,way/224174031,SV Colo,4,2013-06-02T21:54:42Z,Bike Mapper,16398644,2016-12-16T18:55:11Z,,2013,2016
way,224998784,way/224998784,Microsoft,4,2013-06-09T15:35:21Z,Bike Mapper,16483789,2016-12-16T18:55:12Z,,2013,2016
way,271893323,way/271893323,Csquare SFO3,2,2014-04-04T20:12:05Z,matthieun,21502812,2025-12-23T21:30:41Z,,2014,2025
way,289620443,way/289620443,Digital Realty San Francisco SFO10,6,2014-06-24T19:53:33Z,ediyes,23129861,2016-12-16T19:55:44Z,,2014,2016
way,299388896,way/299388896,CoreSite SV2,3,2014-08-21T23:44:12Z,Delbunk,24922113,2020-12-18T20:13:23Z,,2014,2020
way,358455179,way/358455179,Digital Realty Silicon Valley SC1,4,2015-07-04T03:33:25Z,Minh Nguyen,32402323,2016-12-16T18:55:12Z,,2015,2016
way,358946546,way/358946546,QES Computers,2,2015-07-06T18:20:28Z,Aric,32455060,2023-05-23T05:26:53Z,,2015,2023
way,377378595,way/377378595,Digital Realty,3,2015-10-28T22:04:01Z,Morgan Herlocker,34937980,2026-08-20T01:53:11Z,,2015,2026
way,383728972,way/383728972,Hurricane Electric Fremont 1,5,2015-12-01T06:02:33Z,pratikyadav,35678949,2020-06-08T22:46:28Z,,2015,2020
way,384310259,way/384310259,XO Fremont,3,2015-12-04T11:22:13Z,pratikyadav,35744917,2025-12-28T16:12:12Z,,2015,2025
way,384310269,way/384310269,Hurricane Electric Fremont 2,4,2015-12-04T11:22:14Z,pratikyadav,35744917,2020-06-08T22:44:26Z,,2015,2020
way,390287635,way/390287635,Equinix SV6,3,2016-01-08T20:11:39Z,RichRico,36452411,2016-12-16T19:04:54Z,,2016,2016
way,409027020,way/409027020,Equinix,2,2016-04-09T08:29:38Z,dima_import,38423979,2026-04-24T16:47:54Z,,2016,2026
way,424945736,way/424945736,,3,2016-06-14T15:42:15Z,calfarome_labuilding,40020051,2016-12-17T17:45:57Z,1976,2016,2016
way,424945845,way/424945845,Serverfarm - LAX1,4,2016-06-14T15:42:25Z,calfarome_labuilding,40020051,2025-04-14T18:47:04Z,1973,2016,2025
way,424945852,way/424945852,DRT LAX12,6,2016-06-14T15:42:26Z,calfarome_labuilding,40020051,2016-12-17T17:45:57Z,1979,2016,2016
way,428021796,way/428021796,DRT LAX10,6,2016-06-29T15:27:20Z,Jon Schleuss,40370296,2016-12-17T14:51:25Z,,2016,2016
way,428021816,way/428021816,One Wilshire,11,2016-06-29T15:27:24Z,Jon Schleuss,40370296,2016-12-17T14:51:26Z,,2016,2016
way,441502816,way/441502816,Lumen Technologies,5,2016-09-08T18:22:41Z,SJFriedl,42009711,2023-10-23T13:29:21Z,,2016,2023
way,451413811,way/451413811,,7,2016-11-04T18:04:13Z,Anthonyfish46,43406638,2018-06-11T06:55:08Z,,2016,2018
way,460076753,way/460076753,Equinix San Jose SV3,7,2016-12-16T18:55:08Z,Russ,44454375,2016-12-16T18:55:08Z,,2016,2016
way,460085343,way/460085343,365 Main Street Data Center,5,2016-12-16T19:55:43Z,Russ,44455566,2016-12-16T19:55:43Z,,2016,2016
way,460159925,way/460159925,,3,2016-12-17T11:41:04Z,Russ,44467793,2016-12-17T11:41:04Z,,2016,2016
way,460159928,way/460159928,Csquare SFO1,3,2016-12-17T11:41:04Z,Russ,44467793,2016-12-17T11:41:04Z,,2016,2016
way,460159955,way/460159955,,1,2016-12-17T11:41:05Z,Russ,44467793,2016-12-17T11:41:05Z,,2016,2016
way,460212563,way/460212563,,2,2016-12-17T17:45:56Z,Russ,44475351,2016-12-17T17:45:56Z,1990,2016,2016
way,464371693,way/464371693,Kaiser Data Center,2,2017-01-07T18:45:32Z,user_115918,44985737,2021-01-19T05:01:51Z,,2017,2021
way,472954201,way/472954201,AT&T,3,2017-02-07T10:48:55Z,nammala_labuildings,45881582,2019-09-20T10:58:19Z,1974,2017,2019
way,492699069,way/492699069,TPx Colocation Datacenter,9,2017-05-11T04:56:17Z,SJFriedl,48579759,2025-06-29T07:43:16Z,,2017,2025
way,495115494,way/495115494,,4,2017-05-22T04:58:33Z,JessAk71,48875526,2023-04-26T00:55:03Z,,2017,2023
way,531709017,way/531709017,AT&T Center,6,2017-10-11T14:48:38Z,ALLstarGUY,52828065,2021-07-21T11:23:15Z,,2017,2021
way,553223628,way/553223628,Stack Infrastructure,4,2018-01-15T09:41:34Z,user_5173844,55456133,2020-12-17T22:30:39Z,,2018,2020
way,553223629,way/553223629,Stack Infrastructure,4,2018-01-15T09:41:34Z,user_5173844,55456133,2020-12-17T22:30:39Z,,2018,2020
way,600806974,way/600806974,Equinix SV10,3,2018-06-22T16:18:53Z,beddy,60080633,2023-11-29T15:23:29Z,,2018,2023
way,765230023,way/765230023,,3,2020-01-20T19:59:22Z,dkensok_redlands_import,79815728,2026-08-01T21:20:33Z,,2020,2026
way,780063735,way/780063735,PG&E Datacenter,2,2020-03-11T02:31:22Z,user_115918,82030247,2020-03-11T02:31:22Z,,2020,2020
way,888253616,way/888253616,NTT Silicon Valley SV1 Data Center,2,2020-12-24T18:57:04Z,impiaaa,96400182,2024-12-20T17:29:01Z,,2020,2024
way,930540164,way/930540164,,1,2021-04-14T07:07:44Z,VREagles,102908259,2021-04-14T07:07:44Z,,2021,2021
way,933393863,way/933393863,Edgeconnex Data Center,3,2021-04-21T15:48:52Z,user_115918,103351608,2024-05-22T16:49:06Z,,2021,2024
way,978632013,way/978632013,Northwest Data Center and Communications Hub,5,2021-09-02T06:29:51Z,Lialiuika,110598277,2023-05-08T12:03:29Z,,2021,2023
way,1065780801,way/1065780801,Amazon,2,2022-06-01T06:51:10Z,Cartophilic,121795963,2025-12-23T20:42:42Z,,2022,2025
way,1075445245,way/1075445245,,2,2022-07-03T03:34:01Z,Minh Nguyen,123138122,2025-12-23T21:02:13Z,,2022,2025
way,1160688107,way/1160688107,CoreSite SV7,2,2023-04-08T14:23:06Z,redd,134654971,2024-12-20T17:29:01Z,,2023,2024
way,1227604493,way/1227604493,Equinix SV11,2,2023-11-29T15:23:29Z,wvdp,144592700,2023-11-29T15:23:29Z,,2023,2023
way,1296163129,way/1296163129,Modesto Junior College West Data Center,1,2024-06-25T22:44:08Z,Tim Niblett,153178088,2024-06-25T22:44:08Z,,2024,2024
way,1313995085,way/1313995085,,1,2024-09-07T15:36:43Z,Daniel Erenrich,156318183,2024-09-07T15:36:43Z,,2024,2024
way,1314010354,way/1314010354,Vantage Santa Clara CA2,2,2024-09-07T17:15:24Z,Daniel Erenrich,156322075,2024-09-07T17:15:24Z,,2024,2024
way,1314012931,way/1314012931,Digital Realty Silicon Valley SJC37,3,2024-09-07T17:29:04Z,Daniel Erenrich,156322569,2024-09-07T17:37:33Z,,2024,2024
way,1344376231,way/1344376231,Csquare SFO4,2,2024-12-20T17:29:01Z,wvdp,160442932,2024-12-20T17:29:01Z,,2024,2024
way,1351049826,way/1351049826,DataBank Santa Clara SFO1,3,2025-01-14T01:39:01Z,impiaaa,161329917,2025-12-23T21:37:36Z,,2025,2025
way,1460847458,way/1460847458,EdgeCore Silicon Valley,2,2025-12-23T20:48:47Z,wvdp,176325952,2025-12-23T20:51:51Z,,2025,2025
way,1460855151,way/1460855151,STACK SVY02,1,2025-12-23T21:20:18Z,wvdp,176326875,2025-12-23T21:20:18Z,,2025,2025
